cond,ref,h_mult,h,lam_true,rep,lam_hat,n_roots,instrument_r,rel_height,sd_lnb,rel_excess,boot_sd,boot_lo,boot_hi,boot_fail
ds003690,inband,0.333,2.277037106782466,0.0,0,-0.22421887012453698,1,0.6545789892792495,2.4738344281665334,0.3081667547671819,1.946618906268417,,,,
ds003690,inband,0.333,2.277037106782466,0.5,0,0.18631772723219714,1,0.6554403454011778,2.476602881847998,0.30879820405932756,2.0212736258543234,,,,
ds003690,inband,0.333,2.277037106782466,1.0,0,0.7008912488958999,1,0.6564587815013304,2.4759445144868697,0.30958354455967035,2.3755269178424405,,,,
ds003690,inband,0.333,2.277037106782466,1.5,0,1.3231627316205863,1,0.657779801320294,2.5022416030367562,0.31117946225305027,4.154723397150293,,,,
ds003690,inband,1.0,6.831111320347398,0.0,0,-0.03506209762016994,1,0.6543970950092931,7.4215032844996,0.3056770900226511,5.692069321923708,0.046488932407876486,-0.11898454152437288,0.04740331465534661,0.0
ds003690,inband,1.0,6.831111320347398,0.5,0,0.34982768515453144,1,0.6566556221899204,7.429808645543994,0.3073591768197036,5.912590001040893,0.05331821946249565,0.24083530616859933,0.4425427413521115,0.0
ds003690,inband,1.0,6.831111320347398,1.0,0,0.8221993324060195,1,0.6591972785365116,7.42783354346061,0.3094733626984539,6.956844630570577,0.0794112466730558,0.5962125024323708,0.9242575920856556,0.0
ds003690,inband,1.0,6.831111320347398,1.5,0,1.369835758845112,1,0.6622794395688313,7.5067248091102705,0.31334039264715663,12.155667394182583,0.11162796848963398,1.0987819832700747,1.4596730619309655,0.0
ds003690,inband,3.0,20.493333961042197,0.0,0,0.07475837139934245,1,0.6479432733710263,22.264509853498804,0.3002569330771398,16.627094810592823,,,,
ds003690,inband,3.0,20.493333961042197,0.5,0,0.4599871268876666,1,0.6536130430561348,22.289425936631982,0.30432711062388235,17.2602625950705,,,,
ds003690,inband,3.0,20.493333961042197,1.0,0,0.9235284945143759,1,0.6598403268671479,22.28350063038183,0.3095486053908939,20.24197179359978,,,,
ds003690,inband,3.0,20.493333961042197,1.5,0,1.4177624826472386,1,0.6670399814850749,22.520174427330808,0.31812607969215667,34.77866808933079,,,,
ds003690,own,0.333,2.277037106782466,0.0,0,-0.1355331088095824,1,0.654653260428927,3.377128257678226,0.3077432443820264,2.676934759751456,,,,
ds003690,own,0.333,2.277037106782466,0.5,0,0.34617165272635486,1,0.6549144116887463,3.3633509960929917,0.30862036494369793,2.800953584158372,,,,
ds003690,own,0.333,2.277037106782466,1.0,0,0.8546600879019394,1,0.6551899848464345,3.3724836400121836,0.3096477392988518,3.2559067371675443,,,,
ds003690,own,0.333,2.277037106782466,1.5,0,1.3855540188484714,1,0.6555050762234905,3.4018907191254923,0.31140234916264187,5.340607433082031,,,,
ds003690,own,1.0,6.831111320347398,0.0,0,0.013425383612556305,1,0.6536010979333193,10.131384773034679,0.3046992670761193,7.845910210371631,,,,
ds003690,own,1.0,6.831111320347398,0.5,0,0.4634716376921248,1,0.6544128095137753,10.090052988278975,0.30695356020139586,8.208586926835851,,,,
ds003690,own,1.0,6.831111320347398,1.0,0,0.9272794168984517,1,0.6551395845254021,10.117450920036553,0.309631729850227,9.539216277304384,,,,
ds003690,own,1.0,6.831111320347398,1.5,0,1.4027301968014732,1,0.6558431477530673,10.205672157376478,0.31391191886529296,15.585372312877963,,,,
ds003690,own,3.0,20.493333961042197,0.0,0,0.12174519086463878,1,0.6428761287895454,30.39415431910404,0.2983764580998802,22.797956501349283,,,,
ds003690,own,3.0,20.493333961042197,0.5,0,0.5527273657206836,1,0.6457710340343984,30.27015896483693,0.30357376327486774,23.811379586309478,,,,
ds003690,own,3.0,20.493333961042197,1.0,0,0.9835875533925761,1,0.648092058048262,30.35235276010966,0.3098496582005896,27.533356308123672,,,,
ds003690,own,3.0,20.493333961042197,1.5,0,1.4062089072018293,1,0.6500537959934114,30.617016472129443,0.3191682957134056,44.129582901138406,,,,
ds003690,pooled,0.333,2.277037106782466,0.0,0,-0.13149965258251314,1,0.6546522734164301,3.43044766331833,0.3076983416264347,2.776128940772474,,,,
ds003690,pooled,0.333,2.277037106782466,0.5,0,0.4165213385624686,1,0.6574197837162893,3.4153237803967933,0.30877250224075287,2.8680240927892555,,,,
ds003690,pooled,0.333,2.277037106782466,1.0,0,0.9538128005395,1,0.6602302238300857,3.4449408872744742,0.31003691012959983,3.26730200467498,,,,
ds003690,pooled,0.333,2.277037106782466,1.5,0,1.4697277794137047,1,0.6631835115766364,3.4641301999648584,0.3121742089126884,5.359300527525581,,,,
ds003690,pooled,1.0,6.831111320347398,0.0,0,0.014990912696977658,1,0.6535357971553938,10.291342989954991,0.3045962574538678,8.137770993151019,,,,
ds003690,pooled,1.0,6.831111320347398,0.5,0,0.5256616730005732,1,0.6605679407670093,10.24597134119038,0.30733219105929044,8.40767151846502,,,,
ds003690,pooled,1.0,6.831111320347398,1.0,0,1.01348432941476,1,0.6674755815617006,10.334822661823424,0.3105807097695858,9.576494637567048,,,,
ds003690,pooled,1.0,6.831111320347398,1.5,0,1.4732674555748893,1,0.6744337491099358,10.392390599894576,0.315663762183187,15.63860148549707,,,,
ds003690,pooled,3.0,20.493333961042197,0.0,0,0.12280622802189674,1,0.6425441989440549,30.87402896986498,0.29817574222420745,23.628845394857592,,,,
ds003690,pooled,3.0,20.493333961042197,0.5,0,0.6081903120493648,1,0.6589026497046944,30.737914023571136,0.30442992206209135,24.392272988275938,,,,
ds003690,pooled,3.0,20.493333961042197,1.0,0,1.0559345899341224,1,0.6742475211737445,31.004467985470278,0.3119203378648252,27.669006211098438,,,,
ds003690,pooled,3.0,20.493333961042197,1.5,0,1.4586598528724048,1,0.688850168186837,31.177171799683727,0.3227336250629985,44.28044190032098,,,,
ds003690,synthetic,0.333,2.277037106782466,0.0,0,-0.051317150001072044,1,0.3597017975261358,2.4616543432426425,0.298140743081888,2.0456311900908526,,,,
ds003690,synthetic,0.333,2.277037106782466,0.5,0,0.4819430181801288,1,0.3603097656487397,2.4809392479467602,0.2989775846540781,2.081091615932872,,,,
ds003690,synthetic,0.333,2.277037106782466,1.0,0,0.9922092441156404,1,0.3608925833707268,2.4759445144868693,0.2994059963955543,2.2308555762683766,,,,
ds003690,synthetic,0.333,2.277037106782466,1.5,0,1.4726279091323624,1,0.3614755929993216,2.4845138534274778,0.29977961925251567,2.682086616576488,,,,
ds003690,synthetic,1.0,6.831111320347398,0.0,0,-0.048037128856940704,1,0.3572258783038072,7.384963029727928,0.29591572569235225,6.0719900658926935,,,,
ds003690,synthetic,1.0,6.831111320347398,0.5,0,0.4823537675938471,1,0.3589836676964005,7.442817743840282,0.29811832576782543,6.177526443777593,,,,
ds003690,synthetic,1.0,6.831111320347398,1.0,0,0.9958217446772354,1,0.3606745397346946,7.4278335434606095,0.2993579953398715,6.6230299936794355,,,,
ds003690,synthetic,1.0,6.831111320347398,1.5,0,1.4863658815510499,1,0.36236410358851945,7.453541560282436,0.3004464368335642,7.963888121421427,,,,
ds003690,synthetic,3.0,20.493333961042197,0.0,0,-0.03089286487904861,1,0.3508167808477352,22.154889089183783,0.29068858522127444,17.959445032028444,,,,
ds003690,synthetic,3.0,20.493333961042197,0.5,0,0.5035092914658381,1,0.35562216005681296,22.328453231520847,0.2958899980539594,18.26890292908689,,,,
ds003690,synthetic,3.0,20.493333961042197,1.0,0,1.0142203591770576,1,0.3602713075190897,22.28350063038183,0.29927983860987367,19.57351865875061,,,,
ds003690,synthetic,3.0,20.493333961042197,1.5,0,1.4970872788482434,1,0.3649027852516464,22.36062468084731,0.30230123884475835,23.49048515552302,,,,
ds003690,inband,0.333,2.277037106782466,0.0,1,-0.12981953538398777,1,0.6537371451466579,2.2601802357747873,0.30824261832416217,1.8578117263281506,,,,
ds003690,inband,0.333,2.277037106782466,0.5,1,0.30221834587985047,1,0.6547829870359432,2.2809441531564105,0.3088241557180927,1.9347010497370483,,,,
ds003690,inband,0.333,2.277037106782466,1.0,1,0.8182075445195544,1,0.6561114230882047,2.302208684127976,0.3095517836078053,2.2597853696399026,,,,
ds003690,inband,0.333,2.277037106782466,1.5,1,1.3871133080464162,1,0.6579121413218868,2.304252023006657,0.3109302302666553,3.710599637335426,,,,
ds003690,inband,1.0,6.831111320347398,0.0,1,0.05981467811401995,1,0.6533297821594027,6.780540707324362,0.30589239996967565,5.42862984872494,,,,
ds003690,inband,1.0,6.831111320347398,0.5,1,0.45708716958715206,1,0.6560998832438186,6.842832459469232,0.3074397492788087,5.655852799428458,,,,
ds003690,inband,1.0,6.831111320347398,1.0,1,0.9233725124657476,1,0.6594053048349454,6.906626052383927,0.3093860448281479,6.61584110436577,,,,
ds003690,inband,1.0,6.831111320347398,1.5,1,1.4291228178637645,1,0.6635404106679927,6.912756069019971,0.31277828034875144,10.875806714780822,,,,
ds003690,inband,3.0,20.493333961042197,0.0,1,0.16492635767122293,1,0.6490537296782436,20.34162212197309,0.3007750029554767,15.861818227726882,,,,
ds003690,inband,3.0,20.493333961042197,0.5,1,0.5556007221195067,1,0.6558702805996773,20.5284973784077,0.3045379097608235,16.51530200612849,,,,
ds003690,inband,3.0,20.493333961042197,1.0,1,1.0063965922967597,1,0.6635584559022678,20.719878157151783,0.30934479857165087,19.27084844994702,,,,
ds003690,inband,3.0,20.493333961042197,1.5,1,1.4693935514142993,1,0.6724097395191976,20.73826820705991,0.317086974734899,31.338731833134844,,,,
ds003690,own,0.333,2.277037106782466,0.0,1,-0.05200871628860565,1,0.6538245741004213,3.1657212563214525,0.3078279178414507,2.462467220656795,,,,
ds003690,own,0.333,2.277037106782466,0.5,1,0.42277686764967626,1,0.6541896690846339,3.17180051800485,0.3086569908093565,2.607445478902368,,,,
ds003690,own,0.333,2.277037106782466,1.0,1,0.9231063524641605,1,0.6546031369484694,3.194954579635506,0.3096261089404683,3.0864427440077637,,,,
ds003690,own,0.333,2.277037106782466,1.5,1,1.4378796246805092,1,0.6551028449569495,3.200236058469398,0.3112096135897333,5.025197320431117,,,,
ds003690,own,1.0,6.831111320347398,0.0,1,0.09816736440706052,1,0.6529557273507044,9.497163768964358,0.3049471759308425,7.21307436045554,,,,
ds003690,own,1.0,6.831111320347398,0.5,1,0.5362834850747106,1,0.6538963018613694,9.515401554014549,0.3070672094581639,7.637899106755689,,,,
ds003690,own,1.0,6.831111320347398,1.0,1,0.9897550871770991,1,0.6548532808955437,9.584863738906519,0.3095739803093812,9.04234582933073,,,,
ds003690,own,1.0,6.831111320347398,1.5,1,1.455261653778862,1,0.6559036410443985,9.600708175408194,0.31343545765275094,14.690145999271143,,,,
ds003690,own,3.0,20.493333961042197,0.0,1,0.20353569640658475,1,0.6455654693330711,28.491491306893074,0.29896837341586024,20.981822596233126,,,,
ds003690,own,3.0,20.493333961042197,0.5,1,0.6199039292088306,1,0.6483431134673993,28.546204662043653,0.30385973413906625,22.176383076896915,,,,
ds003690,own,3.0,20.493333961042197,1.0,1,1.0404054711531567,1,0.6508198879545691,28.754591216719557,0.3097284169755002,26.133834706650525,,,,
ds003690,own,3.0,20.493333961042197,1.5,1,1.4604605100424346,1,0.6531927877809113,28.80212452622458,0.3182932769525571,41.828321482060474,,,,
ds003690,pooled,0.333,2.277037106782466,0.0,1,-0.046619347967844206,1,0.6538113256032761,3.2158638086307523,0.3077838346129525,2.5804853320584704,,,,
ds003690,pooled,0.333,2.277037106782466,0.5,1,0.4948363621524334,1,0.6565857986089149,3.220421236871002,0.30880310595096644,2.677227846304633,,,,
ds003690,pooled,0.333,2.277037106782466,1.0,1,1.018248329120555,1,0.6594368121426317,3.2633528630226123,0.30998283353565875,3.0692068868201745,,,,
ds003690,pooled,0.333,2.277037106782466,1.5,1,1.5132067156389024,1,0.6624650111734188,3.250971659737335,0.3118481197006049,4.919742725099002,,,,
ds003690,pooled,1.0,6.831111320347398,0.0,1,0.10040959607136525,1,0.6528889796992214,9.647591425892259,0.30484676683869166,7.560657292200891,,,,
ds003690,pooled,1.0,6.831111320347398,0.5,1,0.599330901319366,1,0.6598662479425796,9.661263710613007,0.30743060102912373,7.8453854602812205,,,,
ds003690,pooled,1.0,6.831111320347398,1.0,1,1.0725170416677723,1,0.6667925010714205,9.79005858906784,0.3104459373160107,8.997216952838592,,,,
ds003690,pooled,1.0,6.831111320347398,1.5,1,1.5176454091482225,1,0.6738376272289187,9.752914979212004,0.314953086476492,14.398510929884601,,,,
ds003690,pooled,3.0,20.493333961042197,0.0,1,0.20481716271724512,1,0.6452908820223727,28.94277427767678,0.2987719490382322,21.974469833475634,,,,
ds003690,pooled,3.0,20.493333961042197,0.5,1,0.67569709050805,1,0.6613285859204273,28.983791131839023,0.30467761856180625,22.78471205246096,,,,
ds003690,pooled,3.0,20.493333961042197,1.0,1,1.109699214374806,1,0.6764925264197567,29.370175767203516,0.3116466162751549,26.048734390793108,,,,
ds003690,pooled,3.0,20.493333961042197,1.5,1,1.5040756021878596,1,0.6910382324854437,29.258744937636017,0.32152085009646925,41.13381070552348,,,,
ds003690,synthetic,0.333,2.277037106782466,0.0,1,0.07365614944528807,1,0.36467357869918837,2.2994594759760716,0.2984932807487639,1.8466270051188274,,,,
ds003690,synthetic,0.333,2.277037106782466,0.5,1,0.544515810292232,1,0.36521433760231004,2.287225351116495,0.29922491786003586,1.8977370744289208,,,,
ds003690,synthetic,0.333,2.277037106782466,1.0,1,1.0347628078922044,1,0.36573192963556966,2.302208684127976,0.2996274024632894,2.1106671564111927,,,,
ds003690,synthetic,0.333,2.277037106782466,1.5,1,1.5238466150859655,1,0.3662521359616049,2.2930681715034535,0.30003040176432494,3.044117368652346,,,,
ds003690,synthetic,1.0,6.831111320347398,0.0,1,0.07667095507555187,1,0.362819657198171,6.8983784279282165,0.2965383634661374,5.528279584544686,,,,
ds003690,synthetic,1.0,6.831111320347398,0.5,1,0.5484623170397075,1,0.3643863120843675,6.861676053349485,0.2985303620591192,5.680462352356734,,,,
ds003690,synthetic,1.0,6.831111320347398,1.0,1,1.0444209626845442,1,0.3658901922087227,6.906626052383928,0.29969887136737705,6.314169964943331,,,,
ds003690,synthetic,1.0,6.831111320347398,1.5,1,1.541414515844656,1,0.36739869803399805,6.879204514510359,0.3008638121068147,9.08740199775377,,,,
ds003690,synthetic,3.0,20.493333961042197,0.0,1,0.08882615679287141,1,0.3579674242919694,20.69513528378465,0.29183255456637547,16.40867894335157,,,,
ds003690,synthetic,3.0,20.493333961042197,0.5,1,0.5674132416417933,1,0.36226979398685444,20.585028160048452,0.2967144155073947,16.855445753883266,,,,
ds003690,synthetic,3.0,20.493333961042197,1.0,1,1.0615960127942645,1,0.36641913703222845,20.719878157151783,0.29993151453096506,18.71353547059696,,,,
ds003690,synthetic,3.0,20.493333961042197,1.5,1,1.544246808275907,1,0.3705609568894989,20.63761354353108,0.303114465885762,26.812075861447145,,,,
ds003690,inband,0.333,2.277037106782466,0.0,2,-0.23336292896943556,1,0.6542542736228086,2.3234721968932606,0.3082787770138443,1.392147010225757,,,,
ds003690,inband,0.333,2.277037106782466,0.5,2,0.1791295328615869,1,0.6551936754768038,2.3395650677541635,0.3088668971178519,1.4410586133072505,,,,
ds003690,inband,0.333,2.277037106782466,1.0,2,0.6925938296009078,1,0.6563202279847693,2.367791557003529,0.30957487409297413,1.6781105576925073,,,,
ds003690,inband,0.333,2.277037106782466,1.5,2,1.3254139065165647,1,0.6578402974356917,2.3724410450058615,0.3109149998803431,2.8289057035928757,,,,
ds003690,inband,1.0,6.831111320347398,0.0,2,-0.032276311396537416,1,0.6539737415652378,6.970416590679783,0.30603772179010913,4.0482131363196,,,,
ds003690,inband,1.0,6.831111320347398,0.5,2,0.3522865843817527,1,0.6564899980151995,7.0186952032624905,0.3075753621623147,4.19314083931621,,,,
ds003690,inband,1.0,6.831111320347398,1.0,2,0.8229177427340701,1,0.6594495138500306,7.103374671010588,0.30948044715558587,4.895106473885249,,,,
ds003690,inband,1.0,6.831111320347398,1.5,2,1.3816930372155976,1,0.6632006207059921,7.117323135017585,0.31286259369153946,8.284784274371495,,,,
ds003690,inband,3.0,20.493333961042197,0.0,2,0.08015478235696596,1,0.6491249003907965,20.911249772039348,0.3012565376451883,11.856339658225412,,,,
ds003690,inband,3.0,20.493333961042197,0.5,2,0.4600750934035963,1,0.6553375885418445,21.056085609787473,0.30494165804766005,12.276081759032007,,,,
ds003690,inband,3.0,20.493333961042197,1.0,2,0.9210751693921313,1,0.6624423847511643,21.310124013031768,0.30966152881046694,14.305860673894582,,,,
ds003690,inband,3.0,20.493333961042197,1.5,2,1.431539801403107,1,0.6707970604090864,21.351969405052756,0.3174003457838341,23.982326975050263,,,,
ds003690,own,0.333,2.277037106782466,0.0,2,-0.15444171470603776,1,0.6542881686041936,3.3178626405175504,0.307919722288772,1.849853977836742,,,,
ds003690,own,0.333,2.277037106782466,0.5,2,0.300822683953344,1,0.6544065827035674,3.3159194490801607,0.3087150752128341,1.918272670893102,,,,
ds003690,own,0.333,2.277037106782466,1.0,2,0.793383163102575,1,0.654560086742756,3.3386416110851274,0.3096208750529487,2.1914705810323283,,,,
ds003690,own,0.333,2.277037106782466,1.5,2,1.3249189901309015,1,0.6547746642130374,3.3521026079943788,0.3110854825053623,3.459642631501433,,,,
ds003690,own,1.0,6.831111320347398,0.0,2,0.005230601982114225,1,0.6534361149686322,9.953587921552652,0.30521508370975464,5.404263549551661,,,,
ds003690,own,1.0,6.831111320347398,0.5,2,0.43012609842234384,1,0.6539180955833244,9.947758347240484,0.3072296077259005,5.606011130010481,,,,
ds003690,own,1.0,6.831111320347398,1.0,2,0.8786653944337385,1,0.6544021277807683,10.015924833255383,0.30958034431558873,6.411289320223984,,,,
ds003690,own,1.0,6.831111320347398,1.5,2,1.3550937753354515,1,0.6549400403064319,10.056307823983136,0.31325434113377304,10.127520857708989,,,,
ds003690,own,3.0,20.493333961042197,0.0,2,0.11554303473377175,1,0.6455180842729639,29.86076376465796,0.29966298598666813,15.786896466031287,,,,
ds003690,own,3.0,20.493333961042197,0.5,2,0.5230227384094474,1,0.6475845497500401,29.843275041721455,0.3042874945442147,16.363285133095953,,,,
ds003690,own,3.0,20.493333961042197,1.0,2,0.9414743923237168,1,0.6493239693127384,30.047774499766145,0.30982423967279327,18.66245128553305,,,,
ds003690,own,3.0,20.493333961042197,1.5,2,1.3722137018953218,1,0.6508944811744455,30.168923471949412,0.31805495606764433,29.131462913713598,,,,
ds003690,pooled,0.333,2.277037106782466,0.0,2,-0.15052991958963274,1,0.6542945484805829,3.3693859879503782,0.3078824985662299,1.8898927107000216,,,,
ds003690,pooled,0.333,2.277037106782466,0.5,2,0.3725114718238376,1,0.6567405372589851,3.3715657528623604,0.3088417971047428,1.9525817572863957,,,,
ds003690,pooled,0.333,2.277037106782466,1.0,2,0.9002994437599443,1,0.659249566149369,3.388234531187909,0.30993658621764225,2.2212977121811655,,,,
ds003690,pooled,0.333,2.277037106782466,1.5,2,1.423413752168709,1,0.6619259291316273,3.419520146926266,0.3116751978480691,3.591192832365994,,,,
ds003690,pooled,1.0,6.831111320347398,0.0,2,0.006495776455992953,1,0.6534209632568996,10.108157963851136,0.305129828115704,5.522695236535754,,,,
ds003690,pooled,1.0,6.831111320347398,0.5,2,0.49302549915128724,1,0.6596847163819856,10.114697258587082,0.3075615214055516,5.707824930162198,,,,
ds003690,pooled,1.0,6.831111320347398,1.0,2,0.9708615409357348,1,0.6659288692102464,10.164703593563729,0.31038759427678336,6.500163332496958,,,,
ds003690,pooled,1.0,6.831111320347398,1.5,2,1.4376560918540864,1,0.6723215932675707,10.258560440778796,0.3147048506286641,10.514056240902454,,,,
ds003690,pooled,3.0,20.493333961042197,0.0,2,0.11616730004643615,1,0.6453509246556822,30.324473891553406,0.29949296367692735,16.128503544095107,,,,
ds003690,pooled,3.0,20.493333961042197,0.5,2,0.5787134754971538,1,0.6599270446765321,30.34409177576125,0.30506437693079164,16.659832853038335,,,,
ds003690,pooled,3.0,20.493333961042197,1.0,2,1.0182366165450556,1,0.6737997022704644,30.49411078069118,0.3116620761159541,18.924505044427086,,,,
ds003690,pooled,3.0,20.493333961042197,1.5,2,1.432514824203713,1,0.6871966178469483,30.775681322336393,0.3212028700200614,30.23461870196345,,,,
ds003690,synthetic,0.333,2.277037106782466,0.0,2,0.09765548510703116,1,0.3565552649602748,2.3550166384320477,0.2949386844644299,1.3666972073741337,,,,
ds003690,synthetic,0.333,2.277037106782466,0.5,2,0.5827443991728464,1,0.35712266568268314,2.3885973919074077,0.2954202081667528,1.402245126996322,,,,
ds003690,synthetic,0.333,2.277037106782466,1.0,2,1.053348778758346,1,0.35766252428679196,2.3677915570035295,0.29574852417932557,1.5610790919150759,,,,
ds003690,synthetic,0.333,2.277037106782466,1.5,2,1.5362075324679914,1,0.3581982103101713,2.3726851582949093,0.29612053784264997,2.2060388772022765,,,,
ds003690,synthetic,1.0,6.831111320347398,0.0,2,0.10391193836761296,1,0.35455873075612593,7.065049915296142,0.2934992195220592,4.07400840594688,,,,
ds003690,synthetic,1.0,6.831111320347398,0.5,2,0.5854705988256675,1,0.35620130654939147,7.165792175722224,0.2948339621358357,4.180026813592833,,,,
ds003690,synthetic,1.0,6.831111320347398,1.0,2,1.0625087460409874,1,0.3577691307443062,7.10337467101059,0.2957912528439956,4.653564512907907,,,,
ds003690,synthetic,1.0,6.831111320347398,1.5,2,1.5568840501575025,1,0.35932422033689626,7.118055474884729,0.2968709339830458,6.573160896370383,,,,
ds003690,synthetic,3.0,20.493333961042197,0.0,2,0.12691458812940984,1,0.34939380533226466,21.19514974588843,0.2898760441104162,12.108984726359102,,,,
ds003690,synthetic,3.0,20.493333961042197,0.5,2,0.6080953322762704,1,0.35389309130849006,21.497376527166672,0.2932884691883882,12.421665478200776,,,,
ds003690,synthetic,3.0,20.493333961042197,1.0,2,1.0814478238020622,1,0.3582124930091836,21.310124013031768,0.2959522729059403,13.817016764576996,,,,
ds003690,synthetic,3.0,20.493333961042197,1.5,2,1.56239962174404,1,0.36248950161480636,21.35416642465419,0.29892609691857147,19.450348860364677,,,,
ds003690,inband,0.333,2.277037106782466,0.0,3,-0.20090865156575913,1,0.6531885200643912,2.2955066416355545,0.30814182102405535,3.821418110690299,,,,
ds003690,inband,0.333,2.277037106782466,0.5,3,0.14187176568065973,1,0.6540855258328039,2.283745892387206,0.3086672372578623,3.933732208904707,,,,
ds003690,inband,0.333,2.277037106782466,1.0,3,0.5938251616607069,1,0.6552080651049236,2.2650779879741325,0.30930738581089856,4.297152643118436,,,,
ds003690,inband,0.333,2.277037106782466,1.5,3,1.1903484543712328,1,0.6567667572019245,2.28047843937489,0.3105863682746045,5.695878655888454,,,,
ds003690,inband,1.0,6.831111320347398,0.0,3,0.009782578588698963,1,0.651383776395896,6.886519924906665,0.3057978929091269,11.202062056222543,,,,
ds003690,inband,1.0,6.831111320347398,0.5,3,0.33609142548871723,1,0.6537434154053483,6.85123767716162,0.30719318325510603,11.530340593137831,,,,
ds003690,inband,1.0,6.831111320347398,1.0,3,0.7593977775568613,1,0.6565823912608585,6.795233963922398,0.3089387285587259,12.588630944790891,,,,
ds003690,inband,1.0,6.831111320347398,1.5,3,1.279417125495608,1,0.6601895327127437,6.84143531812467,0.3121700571445307,16.633204725433806,,,,
ds003690,inband,3.0,20.493333961042197,0.0,3,0.1396025149184009,1,0.6435966205418248,20.659559774719995,0.3008176552869473,32.29687870124081,,,,
ds003690,inband,3.0,20.493333961042197,0.5,3,0.468730953623949,1,0.6494638367025073,20.55371303148486,0.304232752475153,33.216126933858625,,,,
ds003690,inband,3.0,20.493333961042197,1.0,3,0.8922757757626607,1,0.6563552319676775,20.385701891767194,0.30864697758882464,36.14777816875345,,,,
ds003690,inband,3.0,20.493333961042197,1.5,3,1.3615521320621609,1,0.6645477804546139,20.52430595437401,0.31612511806801497,47.16833607736808,,,,
ds003690,own,0.333,2.277037106782466,0.0,3,-0.14296077871202037,1,0.6529640565995586,3.2957679573411314,0.3077520701574383,4.913641919990953,,,,
ds003690,own,0.333,2.277037106782466,0.5,3,0.32579834501722565,1,0.6531212334001076,3.2784047835686323,0.30855775705599303,5.1483992916065064,,,,
ds003690,own,0.333,2.277037106782466,1.0,3,0.8290758426233718,1,0.6532641904429858,3.2596748992131177,0.3094694037828779,5.784181020831844,,,,
ds003690,own,0.333,2.277037106782466,1.5,3,1.367096965010325,1,0.6534259055364912,3.2785651604186525,0.3109435416274563,7.8444851039763135,,,,
ds003690,own,1.0,6.831111320347398,0.0,3,0.026432926598800775,1,0.6503988875081197,9.887303872023395,0.30491510551934503,14.37917701464295,,,,
ds003690,own,1.0,6.831111320347398,0.5,3,0.46339730209123037,1,0.6510256599686178,9.835214350705899,0.30694076286567373,15.045411987816593,,,,
ds003690,own,1.0,6.831111320347398,1.0,3,0.9189145062985087,1,0.6516066272461151,9.779024697639354,0.3092898308008479,16.860056484571217,,,,
ds003690,own,1.0,6.831111320347398,1.5,3,1.397814479498777,1,0.652226392186884,9.835695481255957,0.31299931412062243,22.71013429923311,,,,
ds003690,own,3.0,20.493333961042197,0.0,3,0.15159249127860866,1,0.639370519163171,29.661911616070192,0.2991122065350474,41.10753429276404,,,,
ds003690,own,3.0,20.493333961042197,0.5,3,0.5655654250573637,1,0.6420883289904379,29.5056430521177,0.3037430789546155,42.831781875983005,,,,
ds003690,own,3.0,20.493333961042197,1.0,3,0.9849755107226736,1,0.6444437644348414,29.337074092918066,0.30927389820924417,47.61211700598311,,,,
ds003690,own,3.0,20.493333961042197,1.5,3,1.413029275265479,1,0.646624038540864,29.50708644376788,0.31762190576037047,62.87669734125623,,,,
ds003690,pooled,0.333,2.277037106782466,0.0,3,-0.13717579259080276,1,0.6529090823826994,3.3390527269757992,0.3077120833865522,5.21463084890458,,,,
ds003690,pooled,0.333,2.277037106782466,0.5,3,0.41133755125633537,1,0.6558753467188544,3.322184542138817,0.3086955206309034,5.314582978646514,,,,
ds003690,pooled,0.333,2.277037106782466,1.0,3,0.9541474893004833,1,0.6588650624062524,3.3124100898295605,0.30980796947581996,5.691678954510853,,,,
ds003690,pooled,0.333,2.277037106782466,1.5,3,1.4750584588787548,1,0.6619748234814591,3.293379920446072,0.31156114194869844,7.39932935235876,,,,
ds003690,pooled,1.0,6.831111320347398,0.0,3,0.028987152008912876,1,0.6502745648908795,10.0171581809274,0.304823708399459,15.25206524290102,,,,
ds003690,pooled,1.0,6.831111320347398,0.5,3,0.5371408584263466,1,0.6575758022732715,9.966553626416452,0.30728251572638765,15.540530838066632,,,,
ds003690,pooled,1.0,6.831111320347398,1.0,3,1.0246474319734922,1,0.6647305410955445,9.937230269488683,0.31011632569055464,16.626567189767158,,,,
ds003690,pooled,1.0,6.831111320347398,1.5,3,1.4868269016409803,1,0.671901395890243,9.880139761338217,0.31445205542123333,21.513283077815313,,,,
ds003690,pooled,3.0,20.493333961042197,0.0,3,0.1531445997513952,1,0.6390851180537142,30.051474542782195,0.2989289351097416,43.514914185389905,,,,
ds003690,pooled,3.0,20.493333961042197,0.5,3,0.6278892793281675,1,0.6554761647617052,29.899660879249353,0.3045057227189077,44.29578482850981,,,,
ds003690,pooled,3.0,20.493333961042197,1.0,3,1.070070275937039,1,0.6709049830077901,29.811690808466047,0.3110834957960193,47.219326977457385,,,,
ds003690,pooled,3.0,20.493333961042197,1.5,3,1.4760544315074946,1,0.6856058953658177,29.640419284014648,0.32068602427230825,60.213442134532585,,,,
ds003690,synthetic,0.333,2.277037106782466,0.0,3,-0.007254855437119914,1,0.34102636129610736,2.309542369638626,0.2759796242785401,3.692522317463949,,,,
ds003690,synthetic,0.333,2.277037106782466,0.5,3,0.5035164753668677,1,0.3416092425796087,2.2830999718415974,0.27638934123136205,3.7691593194752477,,,,
ds003690,synthetic,0.333,2.277037106782466,1.0,3,1.0012307579606907,1,0.3421710042347847,2.2650779879741325,0.2766957263056082,3.9450671019258152,,,,
ds003690,synthetic,0.333,2.277037106782466,1.5,3,1.4803416317077365,1,0.3427320364985483,2.281626154658749,0.2770225758409752,4.474434973785856,,,,
ds003690,synthetic,1.0,6.831111320347398,0.0,3,0.010708422112310663,1,0.338895169229823,6.928627108915879,0.2746580012975996,11.020696736104819,,,,
ds003690,synthetic,1.0,6.831111320347398,0.5,3,0.5153416192235157,1,0.3405619833313822,6.849299915524793,0.2758213453091405,11.247310232798041,,,,
ds003690,synthetic,1.0,6.831111320347398,1.0,3,1.0175196620648497,1,0.34217351217672803,6.795233963922398,0.2767113690475309,11.766974763625031,,,,
ds003690,synthetic,1.0,6.831111320347398,1.5,3,1.5039673068307953,1,0.34378395134877177,6.844878463976249,0.27765759641051446,13.329316736588675,,,,
ds003690,synthetic,3.0,20.493333961042197,0.0,3,0.05453553133140322,1,0.3336184709448476,20.785881326747635,0.2712826295594062,32.38299489512806,,,,
ds003690,synthetic,3.0,20.493333961042197,0.5,3,0.5573167281465884,1,0.3381100026998561,20.547899746574384,0.2743573879236171,33.03650716664069,,,,
ds003690,synthetic,3.0,20.493333961042197,1.0,3,1.0545850742592584,1,0.3424723588777347,20.385701891767198,0.2768247024294567,34.530837072928826,,,,
ds003690,synthetic,3.0,20.493333961042197,1.5,3,1.5234387113614136,1,0.34682761803993123,20.534635391928745,0.27942583763781387,39.01333540170276,,,,
ds003690,inband,0.333,2.277037106782466,0.0,4,-0.28026184191268744,1,0.6544213033864908,2.2134705726671884,0.30833291789658496,1.690708515271169,,,,
ds003690,inband,0.333,2.277037106782466,0.5,4,0.16737391742834554,1,0.6553348126562422,2.2106731041173155,0.30893501735937673,1.7754978081760326,,,,
ds003690,inband,0.333,2.277037106782466,1.0,4,0.7312833468558996,1,0.6565070392663622,2.2526504332305706,0.30967559126778227,2.1622533791991283,,,,
ds003690,inband,0.333,2.277037106782466,1.5,4,1.364515468428403,1,0.6581157161275556,2.26301675077608,0.311141682249435,4.045683200525656,,,,
ds003690,inband,1.0,6.831111320347398,0.0,4,-0.06787174505707022,1,0.6553947288507022,6.640411718001566,0.30612171431056834,4.93466789839911,,,,
ds003690,inband,1.0,6.831111320347398,0.5,4,0.33985273332164573,1,0.6578300914020803,6.6320193123519475,0.3076998248674757,5.185763501073527,,,,
ds003690,inband,1.0,6.831111320347398,1.0,4,0.8417585096678553,1,0.6607654592143667,6.757951299691712,0.3096793195288108,6.329888408972392,,,,
ds003690,inband,1.0,6.831111320347398,1.5,4,1.3961699137299084,1,0.6644717182205495,6.78905025232824,0.3132730010783929,11.864412960464756,,,,
ds003690,inband,3.0,20.493333961042197,0.0,4,0.0352072642566661,1,0.6551360298961472,19.921235154004698,0.30128422271932176,14.43762959890334,,,,
ds003690,inband,3.0,20.493333961042197,0.5,4,0.4348894523421766,1,0.6610225548773775,19.896057937055843,0.30506921534932524,15.163657356448992,,,,
ds003690,inband,3.0,20.493333961042197,1.0,4,0.9185888862206621,1,0.6677305157582705,20.27385389907514,0.30994171425017586,18.46273282373715,,,,
ds003690,inband,3.0,20.493333961042197,1.5,4,1.4208192099842631,1,0.6755838126293607,20.36715075698472,0.31801623056587464,34.16966450567496,,,,
ds003690,own,0.333,2.277037106782466,0.0,4,-0.19107739284552908,1,0.6547894034076942,3.038650393967624,0.3079958696125085,2.2238641197179843,,,,
ds003690,own,0.333,2.277037106782466,0.5,4,0.3004127612699477,1,0.6550778360276182,3.0499964664646115,0.3087898372448662,2.3550171302117264,,,,
ds003690,own,0.333,2.277037106782466,1.0,4,0.8398209155195379,1,0.6554239469888931,3.0903216189865654,0.309712169011363,2.8492734488421743,,,,
ds003690,own,0.333,2.277037106782466,1.5,4,1.4090951158673597,1,0.6558598616494393,3.0916296530047536,0.3113011668534363,5.1151582773358,,,,
ds003690,own,1.0,6.831111320347398,0.0,4,-0.028109162066574385,1,0.6558556665319574,9.115951181902872,0.3053271597105208,6.510779594903628,,,,
ds003690,own,1.0,6.831111320347398,0.5,4,0.4261122382137441,1,0.6565665996315199,9.149989399393835,0.3073778340978624,6.896234564347619,,,,
ds003690,own,1.0,6.831111320347398,1.0,4,0.9132638721396562,1,0.6573211439406299,9.270964856959697,0.3098084409054486,8.349508006604813,,,,
ds003690,own,1.0,6.831111320347398,1.5,4,1.4242544399156831,1,0.6581697908537159,9.274888959014262,0.3137265184482829,14.963376899256836,,,,
ds003690,own,3.0,20.493333961042197,0.0,4,0.07019232416034714,1,0.6540977138817872,27.347853545708617,0.29971046212583513,18.977955340365778,,,,
ds003690,own,3.0,20.493333961042197,0.5,4,0.5068999679867371,1,0.6559802645718684,27.44996819818151,0.30449121390961953,20.069420072950617,,,,
ds003690,own,3.0,20.493333961042197,1.0,4,0.9622451922719145,1,0.657647749449727,27.8128945708791,0.3102778467324438,24.192604481583853,,,,
ds003690,own,3.0,20.493333961042197,1.5,4,1.4239696377812971,1,0.6592370693575108,27.824666877042787,0.3189698572018692,42.66029674914231,,,,
ds003690,pooled,0.333,2.277037106782466,0.0,4,-0.1851542625845078,1,0.6548267472372418,3.0895490969113446,0.30795318166057045,2.3303507187037535,,,,
ds003690,pooled,0.333,2.277037106782466,0.5,4,0.37184893510511263,1,0.6571896403757217,3.103926276767031,0.30891416218378986,2.421459392713393,,,,
ds003690,pooled,0.333,2.277037106782466,1.0,4,0.9381672982293408,1,0.6596446993247227,3.1270087256559,0.3100265447532004,2.851699915991899,,,,
ds003690,pooled,0.333,2.277037106782466,1.5,4,1.4862271642334888,1,0.6622957308369904,3.1199500970653533,0.3118850238626338,5.097493189642733,,,,
ds003690,pooled,1.0,6.831111320347398,0.0,4,-0.025834040343914566,1,0.6559079340876871,9.268647290734034,0.3052294977595624,6.82509473168555,,,,
ds003690,pooled,1.0,6.831111320347398,0.5,4,0.4889260051113433,1,0.6619434950520091,9.311778830301094,0.3076989722317747,7.093701831169441,,,,
ds003690,pooled,1.0,6.831111320347398,1.0,4,0.9994956075912574,1,0.6680359883706118,9.381026176967701,0.3106012634410403,8.36066988262787,,,,
ds003690,pooled,1.0,6.831111320347398,1.5,4,1.4900092944497672,1,0.6743549745814009,9.35985029119606,0.31514815343746616,14.924341471627653,,,,
ds003690,pooled,3.0,20.493333961042197,0.0,4,0.07180829651996773,1,0.6540457210676061,27.805941872202105,0.2995202343255972,19.88017970664043,,,,
ds003690,pooled,3.0,20.493333961042197,0.5,4,0.5642981162402356,1,0.6680275003884719,27.93533649090328,0.30524333219714733,20.647483301787712,,,,
ds003690,pooled,3.0,20.493333961042197,1.0,4,1.037091223353571,1,0.681453931407472,28.143078530903104,0.312073372875446,24.25679209912934,,,,
ds003690,pooled,3.0,20.493333961042197,1.5,4,1.473397622106719,1,0.6945644980909806,28.07955087358819,0.3220488532712608,42.64533639731991,,,,
ds003690,synthetic,0.333,2.277037106782466,0.0,4,0.0347461967243918,1,0.3666388971637959,2.2419876964913037,0.31664130748416747,1.539190776953613,,,,
ds003690,synthetic,0.333,2.277037106782466,0.5,4,0.5358640443266696,1,0.36709047852205257,2.2455121594496115,0.3170967403083166,1.5889106755591502,,,,
ds003690,synthetic,0.333,2.277037106782466,1.0,4,1.0271449463483928,1,0.36752431768200644,2.2526504332305706,0.3174286717780715,1.8347233979802926,,,,
ds003690,synthetic,0.333,2.277037106782466,1.5,4,1.5026277567179627,1,0.3679610666037411,2.2547651726534497,0.31789214879858474,3.1343336256741567,,,,
ds003690,synthetic,1.0,6.831111320347398,0.0,4,0.04427263529956586,1,0.3650327926323591,6.725963089473913,0.31521840748135127,4.634305127424953,,,,
ds003690,synthetic,1.0,6.831111320347398,0.5,4,0.5397545791646953,1,0.36635317645648263,6.736536478348836,0.3165046100590432,4.782469099642785,,,,
ds003690,synthetic,1.0,6.831111320347398,1.0,4,1.0347003341115482,1,0.3676243073344148,6.757951299691712,0.31747650923736986,5.514600505740707,,,,
ds003690,synthetic,1.0,6.831111320347398,1.5,4,1.514480550420695,1,0.36890246620488165,6.764295517960349,0.3188115475677244,9.374286099828666,,,,
ds003690,synthetic,3.0,20.493333961042197,0.0,4,0.0608625784845102,1,0.360712830553572,20.177889268421737,0.3115497836045921,13.802853191134966,,,,
ds003690,synthetic,3.0,20.493333961042197,0.5,4,0.5558955259271874,1,0.36441032279187574,20.20960943504651,0.3149071698317286,14.238752859309587,,,,
ds003690,synthetic,3.0,20.493333961042197,1.0,4,1.0465898162892302,1,0.3679849139270431,20.273853899075135,0.3176362072648469,16.389835313497212,,,,
ds003690,synthetic,3.0,20.493333961042197,1.5,4,1.5108177555779718,1,0.37156793685643047,20.292886553881047,0.3212573331841888,27.654890957044906,,,,
ec_pre,inband,0.333,9.697657071446745,0.0,0,0.1932226913371882,1,0.16492318048655594,9.379796051559387,0.14027388761582188,8.905372524857993,,,,
ec_pre,inband,0.333,9.697657071446745,0.5,0,0.7148838507244701,1,0.16732381390803022,9.437193334327247,0.14177025944050714,9.042386159443913,,,,
ec_pre,inband,0.333,9.697657071446745,1.0,0,1.2732085842156857,1,0.17002571344329212,9.46476886741585,0.14339271158245415,9.427566865759797,,,,
ec_pre,inband,0.333,9.697657071446745,1.5,0,1.8664252423363592,1,0.17318520483457694,9.45422133441135,0.14526346059750725,10.111093767160598,,,,
ec_pre,inband,1.0,29.09297121434024,0.0,0,0.34586592550215334,1,0.1644166701786277,28.139388154678166,0.13736010529993295,26.24270559753002,0.044414823172772934,0.2613283479278661,0.4305004665983756,0.0
ec_pre,inband,1.0,29.09297121434024,0.5,0,0.8682198336874214,1,0.17010699304325416,28.311580002981746,0.14077989069933658,26.63587254367837,0.041427674080811744,0.7979875727099569,0.963815292814493,0.0
ec_pre,inband,1.0,29.09297121434024,1.0,0,1.4514765011145212,1,0.17676375710869754,28.39430660224756,0.14464395924009454,27.739914273273133,0.057189069588612244,1.3567615388398961,1.5535704887164907,0.0
ec_pre,inband,1.0,29.09297121434024,1.5,0,2.0665654192613876,1,0.18464371752506167,28.36266400323405,0.14914605123604974,29.695128958756534,0.07915414074800729,1.9635359948878375,2.22393965309844,0.0
ec_pre,inband,3.0,87.27891364302072,0.0,0,0.6005816541281526,1,0.1630751451904655,84.41816446403448,0.13326968460650274,74.46273635245248,,,,
ec_pre,inband,3.0,87.27891364302072,0.5,0,1.1015627870240257,1,0.17510342594823086,84.93474000894525,0.1401920104098625,75.52607365662793,,,,
ec_pre,inband,3.0,87.27891364302072,1.0,0,1.678773208399637,1,0.19003966130967107,85.18291980674267,0.14843820280717968,78.50478587666127,,,,
ec_pre,inband,3.0,87.27891364302072,1.5,0,2.255448395210795,1,0.20793890299954265,85.08799200970216,0.15815291493290712,83.76123277864082,,,,
ec_pre,pooled,0.333,9.697657071446745,0.0,0,0.23804417503971234,1,0.16479508618001365,13.820441609510576,0.13957926581409102,12.14080186798472,,,,
ec_pre,pooled,0.333,9.697657071446745,0.5,0,1.0823349204443031,1,0.1719704793834098,13.877703483831032,0.14304092797882892,12.229033634523029,,,,
ec_pre,pooled,0.333,9.697657071446745,1.0,0,1.8263064382163163,1,0.17914469408960748,13.916861876735492,0.14649451294186308,12.466350281070127,,,,
ec_pre,pooled,0.333,9.697657071446745,1.5,0,2.473984467673771,1,0.18641882253651565,13.93983614077889,0.15001772431382543,12.874006136871033,,,,
ec_pre,pooled,1.0,29.09297121434024,0.0,0,0.426585708234363,1,0.16394877370953714,41.46132482853173,0.13627048915444506,35.4573669549698,,,,
ec_pre,pooled,1.0,29.09297121434024,0.5,0,1.1955431741306555,1,0.17943516156570294,41.633110451493096,0.14358912142021193,35.707721314271936,,,,
ec_pre,pooled,1.0,29.09297121434024,1.0,0,1.8355891203045118,1,0.19484033218081154,41.75058563020649,0.15086268468559225,36.3795296421439,,,,
ec_pre,pooled,1.0,29.09297121434024,1.5,0,2.3608682348232626,1,0.21026127139185954,41.81950842233668,0.15819836098292975,37.531842790609176,,,,
ec_pre,pooled,3.0,87.27891364302072,0.0,0,0.7267142622309523,1,0.16214661844627873,124.38397448559519,0.13213657191246353,99.02978021020989,,,,
ec_pre,pooled,3.0,87.27891364302072,0.5,0,1.3482084338347917,1,0.1907476811346544,124.89933135447929,0.14550614092009867,99.69261168412778,,,,
ec_pre,pooled,3.0,87.27891364302072,1.0,0,1.8309838227548318,1,0.21910284376053263,125.25175689061945,0.15871169941078103,101.46295396466945,,,,
ec_pre,pooled,3.0,87.27891364302072,1.5,0,2.205030964981206,1,0.2471145780742517,125.45852526701003,0.17189465031047202,104.49232701878772,,,,
ec_pre,synthetic,0.333,9.697657071446745,0.0,0,0.17396589456365003,1,0.07946247144123991,9.42159214311904,0.15308664264657135,10.069444969573816,,,,
ec_pre,synthetic,0.333,9.697657071446745,0.5,0,0.7454625656885965,1,0.08056237690782579,9.45221200904336,0.1543609283600305,10.117853995076649,,,,
ec_pre,synthetic,0.333,9.697657071446745,1.0,0,1.2747876336627473,1,0.08164467350316994,9.464768867415852,0.1556029869983025,10.252015349685184,,,,
ec_pre,synthetic,0.333,9.697657071446745,1.5,0,1.7455321185273545,1,0.08273749258785583,9.460179555297232,0.1568577142885931,10.485164784623485,,,,
ec_pre,synthetic,1.0,29.09297121434024,0.0,0,0.2986218246161351,1,0.07655074407649112,28.264776429357127,0.14960515792549248,29.4970517489005,,,,
ec_pre,synthetic,1.0,29.09297121434024,0.5,0,0.8558977770219998,1,0.07935796985864375,28.356636027130087,0.15286911161493538,29.63627437917132,,,,
ec_pre,synthetic,1.0,29.09297121434024,1.0,0,1.3613551904453915,1,0.08216204128906414,28.394306602247553,0.15608894619918354,30.021355474287624,,,,
ec_pre,synthetic,1.0,29.09297121434024,1.5,0,1.7953283896255867,1,0.08501069805615812,28.380538665891702,0.1593426914422461,30.69000006609988,,,,
ec_pre,synthetic,3.0,87.27891364302072,0.0,0,0.5790000559177667,1,0.07188972763634574,84.79432928807138,0.14372659156739384,83.45817622919691,,,,
ec_pre,synthetic,3.0,87.27891364302072,0.5,0,1.0736447419121373,1,0.07803823827756642,85.06990808139025,0.15093122412783547,83.83597332498329,,,,
ec_pre,synthetic,3.0,87.27891364302072,1.0,0,1.496586548279252,1,0.08432746376145576,85.18291980674269,0.15813539696935344,84.8763270562328,,,,
ec_pre,synthetic,3.0,87.27891364302072,1.5,0,1.837031006984539,1,0.09079336270085656,85.1416159976751,0.1654187082303879,86.68031844718668,,,,
ec_pre,inband,0.333,9.697657071446745,0.0,1,0.1322165429141819,1,0.16531113447376147,9.66411718096139,0.14069721220783354,8.376530729137784,,,,
ec_pre,inband,0.333,9.697657071446745,0.5,1,0.6895234678989838,1,0.16773705169626765,9.675646344671147,0.14208420912007347,8.495597696818896,,,,
ec_pre,inband,0.333,9.697657071446745,1.0,1,1.2965463155243524,1,0.1704826890485223,9.68545731766795,0.14359423314019742,8.837367988758967,,,,
ec_pre,inband,0.333,9.697657071446745,1.5,1,1.9422781404950904,1,0.17371593288434564,9.712863800566598,0.14534012636732546,9.446477129977968,,,,
ec_pre,inband,1.0,29.09297121434024,0.0,1,0.30896777315161816,1,0.16540935618966265,28.99235154288418,0.13829791343495662,24.719805396142686,,,,
ec_pre,inband,1.0,29.09297121434024,0.5,1,0.8670598239615327,1,0.17115598558139608,29.02693903401345,0.14150072289504423,25.062497881277547,,,,
ec_pre,inband,1.0,29.09297121434024,1.0,1,1.498312843517095,1,0.1779424744961607,29.05637195300385,0.14513770384250715,26.045055766300973,,,,
ec_pre,inband,1.0,29.09297121434024,1.5,1,2.1529041776306372,1,0.18602561080515304,29.1385914016998,0.14939762749934812,27.79320426852544,,,,
ec_pre,inband,3.0,87.27891364302072,0.0,1,0.5975517695970414,1,0.16560208540649254,86.97705462865254,0.13504856530790615,70.31797782025248,,,,
ec_pre,inband,3.0,87.27891364302072,0.5,1,1.1299174573993394,1,0.1776357629818871,87.08081710204034,0.141582235350968,71.25031698261017,,,,
ec_pre,inband,3.0,87.27891364302072,1.0,1,1.7422822891463245,1,0.19273687378704019,87.16911585901155,0.14941802400920084,73.9171909750021,,,,
ec_pre,inband,3.0,87.27891364302072,1.5,1,2.326574044211546,1,0.2109227615259815,87.4157742050994,0.15870677983853762,78.64702234812704,,,,
ec_pre,pooled,0.333,9.697657071446745,0.0,1,0.1768038310624923,1,0.16537833106453376,14.299093528212689,0.14009455558851233,11.597412690500633,,,,
ec_pre,pooled,0.333,9.697657071446745,0.5,1,1.1015567444306673,1,0.17281022689687797,14.271151769966476,0.1435031193437648,11.666845822746561,,,,
ec_pre,pooled,0.333,9.697657071446745,1.0,1,1.9061054699925952,1,0.18024856605847936,14.26676769796492,0.14689983357203798,11.868126166085807,,,,
ec_pre,pooled,0.333,9.697657071446745,1.5,1,2.591655754679837,1,0.18779616268153385,14.290562481023287,0.15035489046127076,12.21395099249755,,,,
ec_pre,pooled,1.0,29.09297121434024,0.0,1,0.39199505273377644,1,0.16546924216884154,42.89728058463808,0.1374042057577349,33.9147304921042,,,,
ec_pre,pooled,1.0,29.09297121434024,0.5,1,1.2304848347783994,1,0.18139035955239183,42.81345530989943,0.14460112549075038,34.11163264447015,,,,
ec_pre,pooled,1.0,29.09297121434024,1.0,1,1.916591691061221,1,0.1972500521617356,42.80030309389476,0.1517493180186528,34.68234837613612,,,,
ec_pre,pooled,1.0,29.09297121434024,1.5,1,2.4716094977434393,1,0.21314205755026455,42.87168744306987,0.15894938307874418,35.66200365994024,,,,
ec_pre,pooled,3.0,87.27891364302072,0.0,1,0.7255928100302873,1,0.16587955967028664,128.69184175391422,0.13429581826694365,94.95580408706947,,,,
ec_pre,pooled,3.0,87.27891364302072,0.5,1,1.3913686390793754,1,0.1949112212872679,128.44036592969832,0.14739230887557564,95.47592350831324,,,,
ec_pre,pooled,3.0,87.27891364302072,1.0,1,1.8975954686431424,1,0.22374447234122305,128.40090928168428,0.16034295445724894,96.98384147988851,,,,
ec_pre,pooled,3.0,87.27891364302072,1.5,1,2.286177871703583,1,0.2522629226784597,128.6150623292096,0.17327709660911242,99.56823540495296,,,,
ec_pre,synthetic,0.333,9.697657071446745,0.0,1,-0.010579919155950223,1,0.07880300787372323,9.691911436110598,0.15572966967649446,9.507091422302818,,,,
ec_pre,synthetic,0.333,9.697657071446745,0.5,1,0.6700645935790901,1,0.07991989816367608,9.675225651604615,0.15700209990447941,9.536764845032707,,,,
ec_pre,synthetic,0.333,9.697657071446745,1.0,1,1.19410841265103,1,0.08101511807518,9.68545731766795,0.15823429111381873,9.636669240040675,,,,
ec_pre,synthetic,0.333,9.697657071446745,1.5,1,1.6166612268164797,1,0.0821153770520823,9.662749512236951,0.15946529129655662,9.811841043214635,,,,
ec_pre,synthetic,1.0,29.09297121434024,0.0,1,0.16325794482980793,1,0.07587298858066865,29.075734308331796,0.1522393483360614,27.887746179097483,,,,
ec_pre,synthetic,1.0,29.09297121434024,0.5,1,0.7911581872344784,1,0.07871019865019027,29.025676954813846,0.15550127910610428,27.972985740929442,,,,
ec_pre,synthetic,1.0,29.09297121434024,1.0,1,1.2806678909258253,1,0.0815358586351878,29.056371953003854,0.15869579175028467,28.25996618066476,,,,
ec_pre,synthetic,1.0,29.09297121434024,1.5,1,1.6736341110586772,1,0.0843968094510832,28.98824853671086,0.16189518568369768,28.762912492434985,,,,
ec_pre,synthetic,3.0,87.27891364302072,0.0,1,0.5022942732503202,1,0.07125401785334003,87.2272029249954,0.1463583256510755,79.075922693304,,,,
ec_pre,synthetic,3.0,87.27891364302072,0.5,1,1.01693070903037,1,0.07743062628893242,87.07703086444154,0.15356339701060434,79.30599465482032,,,,
ec_pre,synthetic,3.0,87.27891364302072,1.0,1,1.4164748174077062,1,0.08373363110713128,87.16911585901155,0.16071469557308726,80.08138458644106,,,,
ec_pre,synthetic,3.0,87.27891364302072,1.5,1,1.7355740936237647,1,0.09020329273962094,86.96474561013258,0.16789694366407354,81.43936991264391,,,,
ec_pre,inband,0.333,9.697657071446745,0.0,2,0.10135603421662165,1,0.16436355388465232,9.667496945434731,0.1400345199434995,9.154201669994274,,,,
ec_pre,inband,0.333,9.697657071446745,0.5,2,0.6435422356701328,1,0.16693188827809455,9.716656604458741,0.14164506900644877,9.279633441620366,,,,
ec_pre,inband,0.333,9.697657071446745,1.0,2,1.212662453887018,1,0.16979546805705048,9.74608942580711,0.14337311449815607,9.663794733804322,,,,
ec_pre,inband,0.333,9.697657071446745,1.5,2,1.8023991624364226,1,0.17311869222934081,9.741803002514128,0.1453393940711854,10.354002605143211,,,,
ec_pre,inband,1.0,29.09297121434024,0.0,2,0.2667292818634301,1,0.1634288597726318,29.002490836304197,0.13705630752839013,26.957776667500212,,,,
ec_pre,inband,1.0,29.09297121434024,0.5,2,0.8075380466511107,1,0.1694369108580405,29.14996981337622,0.14066807774962878,27.317127245715735,,,,
ec_pre,inband,1.0,29.09297121434024,1.0,2,1.3987658635313645,1,0.17643973939413402,29.238268277421334,0.1447174021280069,28.4174189631904,,,,
ec_pre,inband,1.0,29.09297121434024,1.5,2,2.0111873760786634,1,0.18470393050429063,29.22540900754239,0.1493936623278613,30.39074292170119,,,,
ec_pre,inband,3.0,87.27891364302072,0.0,2,0.5452669770008783,1,0.16187866722386715,87.0074725089126,0.1330081114787202,76.395267789381,,,,
ec_pre,inband,3.0,87.27891364302072,0.5,2,1.0594831646146066,1,0.17430576846012025,87.44990944012866,0.14016703681262638,77.36464758502005,,,,
ec_pre,inband,3.0,87.27891364302072,1.0,2,1.6408624660955426,1,0.18978281919385698,87.71480483226401,0.14867047396715008,80.32995664531134,,,,
ec_pre,inband,3.0,87.27891364302072,1.5,2,2.2120706581028977,1,0.2083500648245595,87.67622702262716,0.15864625065371266,85.63107203702526,,,,
ec_pre,pooled,0.333,9.697657071446745,0.0,2,0.1657002054303291,1,0.16417455601071004,14.313314931357361,0.13937323112787736,12.510918941231687,,,,
ec_pre,pooled,0.333,9.697657071446745,0.5,2,1.0242600315118664,1,0.1716582065424303,14.372418495581393,0.14300287291872033,12.587165449509271,,,,
ec_pre,pooled,0.333,9.697657071446745,1.0,2,1.7605116767745563,1,0.17913953516639136,14.431575707075282,0.14661922415086248,12.823604839279112,,,,
ec_pre,pooled,0.333,9.697657071446745,1.5,2,2.392326054579353,1,0.18672050207293145,14.395183707310652,0.1502977043602477,13.24295964478327,,,,
ec_pre,pooled,1.0,29.09297121434024,0.0,2,0.36757355705522277,1,0.16294544147905765,42.93994479407208,0.13604870637050584,36.5098702117192,,,,
ec_pre,pooled,1.0,29.09297121434024,0.5,2,1.1516037751729475,1,0.17900896980949357,43.117255486744185,0.14364415965369026,36.7253066690547,,,,
ec_pre,pooled,1.0,29.09297121434024,1.0,2,1.7895573235235709,1,0.19499371217456662,43.29472712122585,0.15118238544697202,37.39363633133597,,,,
ec_pre,pooled,1.0,29.09297121434024,1.5,2,2.311803538978771,1,0.2109894828989755,43.18555112193196,0.15876677864146227,38.57819505632269,,,,
ec_pre,pooled,3.0,87.27891364302072,0.0,2,0.6916868716960721,1,0.1613315977216419,128.81983438221624,0.13204634323812484,101.82325170653482,,,,
ec_pre,pooled,3.0,87.27891364302072,0.5,2,1.3247423374862952,1,0.19077458047938137,129.35176646023257,0.145781671385882,102.38807685187449,,,,
ec_pre,pooled,3.0,87.27891364302072,1.0,2,1.8095331157426602,1,0.21996502600684795,129.88418136367756,0.1593352871934779,104.14393621243725,,,,
ec_pre,pooled,3.0,87.27891364302072,1.5,2,2.1867722647168777,1,0.24878309535789003,129.55665336579588,0.17284769182047385,107.25427370609269,,,,
ec_pre,synthetic,0.333,9.697657071446745,0.0,2,0.026730624755199467,1,0.08231281304332219,9.710477122436025,0.15579362570805488,10.36862241744023,,,,
ec_pre,synthetic,0.333,9.697657071446745,0.5,2,0.5777703898563994,1,0.08343104479895642,9.722513992967432,0.15710748007385456,10.411424540780057,,,,
ec_pre,synthetic,0.333,9.697657071446745,1.0,2,1.0619317246153535,1,0.08453090969545154,9.74608942580711,0.15837823447813723,10.542800702572,,,,
ec_pre,synthetic,0.333,9.697657071446745,1.5,2,1.4730400918032678,1,0.08564029285259644,9.75962515064894,0.15965414074145082,10.773689477532502,,,,
ec_pre,synthetic,1.0,29.09297121434024,0.0,2,0.1670958673439147,1,0.07923436584846806,29.131431367308082,0.15214381745257127,30.353314306626583,,,,
ec_pre,synthetic,1.0,29.09297121434024,0.5,2,0.6971652836593629,1,0.08206361156522556,29.1675419789023,0.15546806752874395,30.47629004150077,,,,
ec_pre,synthetic,1.0,29.09297121434024,1.0,2,1.1536679135158754,1,0.08489277036365954,29.238268277421334,0.15873729306834083,30.8530667005946,,,,
ec_pre,synthetic,1.0,29.09297121434024,1.5,2,1.5372738756840638,1,0.08776794132593202,29.278875451946824,0.16202997638619931,31.51477854038871,,,,
ec_pre,synthetic,3.0,87.27891364302072,0.0,2,0.44747863442471913,1,0.0743830699136639,87.39429410192423,0.14612312364667313,85.76841675688436,,,,
ec_pre,synthetic,3.0,87.27891364302072,0.5,2,0.9120714399190487,1,0.0805124756956565,87.50262593670689,0.15335438737316082,86.10122523175141,,,,
ec_pre,synthetic,3.0,87.27891364302072,1.0,2,1.2928789768869642,1,0.0867955626867507,87.71480483226401,0.1605932210454607,87.11730409818527,,,,
ec_pre,synthetic,3.0,87.27891364302072,1.5,2,1.6066513224670378,1,0.09326621037754176,87.83662635584048,0.16791103087651235,88.90002819259064,,,,
ec_pre,inband,0.333,9.697657071446745,0.0,3,0.07509682723605589,1,0.16489561918224396,9.529592177962227,0.1403752861283779,8.339198400235777,,,,
ec_pre,inband,0.333,9.697657071446745,0.5,3,0.6096256983622557,1,0.16733679380417255,9.513742114124256,0.14192439425816136,8.464573141970575,,,,
ec_pre,inband,0.333,9.697657071446745,1.0,3,1.1872328943304475,1,0.1700675428185986,9.520551944627636,0.14357884977641,8.849309445787698,,,,
ec_pre,inband,0.333,9.697657071446745,1.5,3,1.808030338673169,1,0.17325428202808266,9.521324476180565,0.14545715405735715,9.553852576766861,,,,
ec_pre,inband,1.0,29.09297121434024,0.0,3,0.23990979289207032,1,0.16433911685160613,28.588776533886687,0.13753735901031358,24.612398196942543,,,,
ec_pre,inband,1.0,29.09297121434024,0.5,3,0.7734326095991353,1,0.17013377003925337,28.54122634237277,0.14102675488814584,24.972888661560532,,,,
ec_pre,inband,1.0,29.09297121434024,1.0,3,1.3746134112539798,1,0.1769047317714348,28.56165583388291,0.14493138846678177,26.078420220956612,,,,
ec_pre,inband,1.0,29.09297121434024,1.5,3,2.0185066873543263,1,0.18492222147039128,28.5639734285417,0.14944243297926554,28.099330880693593,,,,
ec_pre,inband,3.0,87.27891364302072,0.0,3,0.5173588442981207,1,0.16346970548152986,85.76632960166008,0.13364340422822557,70.01572599646023,,,,
ec_pre,inband,3.0,87.27891364302072,0.5,3,1.0274399344085807,1,0.17564309657286908,85.62367902711831,0.14060675139398227,70.99439623467964,,,,
ec_pre,inband,3.0,87.27891364302072,1.0,3,1.6212421584725687,1,0.19079510712001935,85.68496750164873,0.14887166537709046,73.9937177712455,,,,
ec_pre,inband,3.0,87.27891364302072,1.5,3,2.221838175779621,1,0.2089998054256566,85.6919202856251,0.1585841635140589,79.46105596445305,,,,
ec_pre,pooled,0.333,9.697657071446745,0.0,3,0.1399184253090226,1,0.16458043021318422,14.013133714156577,0.13964150115917948,11.72385297074241,,,,
ec_pre,pooled,0.333,9.697657071446745,0.5,3,1.018473057997888,1,0.17200355982120125,14.084896998554395,0.14319246783299008,11.804672935584312,,,,
ec_pre,pooled,0.333,9.697657071446745,1.0,3,1.7913524603311275,1,0.1794220024388652,14.11426430043412,0.14672991870935073,12.058247810167039,,,,
ec_pre,pooled,0.333,9.697657071446745,1.5,3,2.460027921799821,1,0.18693556219022758,14.149866977397807,0.150329367714393,12.521020345646562,,,,
ec_pre,pooled,1.0,29.09297121434024,0.0,3,0.3514811882350837,1,0.1637997954040056,42.03940114246973,0.13645471754736413,34.27722791304407,,,,
ec_pre,pooled,1.0,29.09297121434024,0.5,3,1.1505162532906417,1,0.17963973219657048,42.25469099566318,0.14388939760019973,34.506729427590805,,,,
ec_pre,pooled,1.0,29.09297121434024,1.0,3,1.8138318486673732,1,0.19541344140324926,42.34279290130236,0.15127562075226356,35.22613761692605,,,,
ec_pre,pooled,1.0,29.09297121434024,1.5,3,2.3563071708504273,1,0.21120707403129854,42.449600932193434,0.15871616702100214,36.53797873678463,,,,
ec_pre,pooled,3.0,87.27891364302072,0.0,3,0.6827333555709376,1,0.16325207591336827,126.11820342740917,0.13277023751488537,95.92783716619064,,,,
ec_pre,pooled,3.0,87.27891364302072,0.5,3,1.3221968565690205,1,0.19215580324787315,126.76407298698956,0.14621541850907135,96.5362762891084,,,,
ec_pre,pooled,3.0,87.27891364302072,1.0,3,1.8195873374295939,1,0.22088718995513545,127.02837870390712,0.15952318073506902,98.44243094510615,,,,
ec_pre,pooled,3.0,87.27891364302072,1.5,3,2.2040226982095645,1,0.24930862052904065,127.3488027965803,0.17282242012797286,101.9163951661527,,,,
ec_pre,synthetic,0.333,9.697657071446745,0.0,3,-0.010057248508796525,1,0.09026534721147449,9.51280465943401,0.1653613992252067,9.685074524601044,,,,
ec_pre,synthetic,0.333,9.697657071446745,0.5,3,0.47992600624990944,1,0.0914329534889273,9.535855382077598,0.16666268699986317,9.712953029232615,,,,
ec_pre,synthetic,0.333,9.697657071446745,1.0,3,0.9170967326438552,1,0.09257799237504902,9.520551944627636,0.16791260366930777,9.833250551817311,,,,
ec_pre,synthetic,0.333,9.697657071446745,1.5,3,1.3100983251645915,1,0.09373041454296553,9.522719346717846,0.16915953160033187,10.055284341006919,,,,
ec_pre,synthetic,1.0,29.09297121434024,0.0,3,0.10936523864979132,1,0.08712476048194509,28.53841397830204,0.16178603212215442,28.395888539675855,,,,
ec_pre,synthetic,1.0,29.09297121434024,0.5,3,0.5835021198285234,1,0.09007579526372445,28.607566146232806,0.16504923500607627,28.475706460914587,,,,
ec_pre,synthetic,1.0,29.09297121434024,1.0,3,1.001900857682886,1,0.09301595542511874,28.56165583388291,0.16824812239007186,28.821080727676126,,,,
ec_pre,synthetic,1.0,29.09297121434024,1.5,3,1.3741388987883434,1,0.0959949974258925,28.56815804015354,0.17145809855849864,29.45845162047425,,,,
ec_pre,synthetic,3.0,87.27891364302072,0.0,3,0.3422586120287144,1,0.08209338591827339,85.61524193490612,0.15585450557477945,80.4699702614687,,,,
ec_pre,synthetic,3.0,87.27891364302072,0.5,3,0.7696201529390957,1,0.08847663427152462,85.8226984386984,0.1628908933955886,80.68415060868709,,,,
ec_pre,synthetic,3.0,87.27891364302072,1.0,3,1.1343230982413532,1,0.0949903420720533,85.68496750164874,0.16993651371121488,81.61802057328758,,,,
ec_pre,synthetic,3.0,87.27891364302072,1.5,3,1.4496710276200155,1,0.10167233179034064,85.70447412046062,0.17705824484524074,83.3419458241358,,,,
ec_pre,inband,0.333,9.697657071446745,0.0,4,0.09235848390131524,1,0.16489702671996184,9.44055669468555,0.1404357103016957,8.727301273113905,,,,
ec_pre,inband,0.333,9.697657071446745,0.5,4,0.6523866981005662,1,0.16724725177972874,9.482733255239893,0.1418200059964456,8.851689531997154,,,,
ec_pre,inband,0.333,9.697657071446745,1.0,4,1.245856240038641,1,0.16990895356045105,9.501714521813891,0.14332015484458058,9.212581306368937,,,,
ec_pre,inband,0.333,9.697657071446745,1.5,4,1.8649879932591251,1,0.1730580001666108,9.524992799902739,0.14505805956577084,9.853722848123219,,,,
ec_pre,inband,1.0,29.09297121434024,0.0,4,0.27373671502562696,1,0.16463990017700297,28.321670084056656,0.13774034592279877,25.7336521535698,,,,
ec_pre,inband,1.0,29.09297121434024,0.5,4,0.8291909390358552,1,0.1702197404728642,28.44819976571968,0.14093521414392646,26.09073861747691,,,,
ec_pre,inband,1.0,29.09297121434024,1.0,4,1.44611173421412,1,0.17683559757975215,28.505143565441678,0.1445665728901263,27.126156000749873,,,,
ec_pre,inband,1.0,29.09297121434024,1.5,4,2.0871463808195276,1,0.18477082448885257,28.574978399708222,0.14883618407344187,28.962126990716303,,,,
ec_pre,inband,3.0,87.27891364302072,0.0,4,0.5621556396083257,1,0.16408025568542592,84.96501025216996,0.13399067461439426,73.09225959711183,,,,
ec_pre,inband,3.0,87.27891364302072,0.5,4,1.088888165350608,1,0.17585254388187202,85.34459929715905,0.1405170527206777,74.05858331548932,,,,
ec_pre,inband,3.0,87.27891364302072,1.0,4,1.6948118333449824,1,0.19070914186947557,85.51543069632501,0.14837734865449395,76.85655506313148,,,,
ec_pre,inband,3.0,87.27891364302072,1.5,4,2.289556081854259,1,0.20871310394138542,85.72493519912467,0.15772994912432226,81.80044757081058,,,,
ec_pre,pooled,0.333,9.697657071446745,0.0,4,0.16683590855358604,1,0.1647129468700646,13.816173991533347,0.139736285512193,11.864180884429162,,,,
ec_pre,pooled,0.333,9.697657071446745,0.5,4,1.0862425775992726,1,0.17202090049336252,13.835897659348133,0.14312026364723623,11.93481097805562,,,,
ec_pre,pooled,0.333,9.697657071446745,1.0,4,1.872189067782539,1,0.17932733964436026,13.851766028787345,0.1464894377574827,12.145970886932492,,,,
ec_pre,pooled,0.333,9.697657071446745,1.5,4,2.539065138296796,1,0.18673104377625838,13.881871435947147,0.14991377773669204,12.514698547852236,,,,
ec_pre,pooled,1.0,29.09297121434024,0.0,4,0.3843560862425793,1,0.1642306771989653,41.44852197460004,0.1366968204679325,34.675667371793686,,,,
ec_pre,pooled,1.0,29.09297121434024,0.5,4,1.2123234096535738,1,0.17986833627721355,41.5076929780444,0.14382794670677732,34.875801601376025,,,,
ec_pre,pooled,1.0,29.09297121434024,1.0,4,1.8850821096313963,1,0.19543114965585887,41.55529808636204,0.15090985703820256,35.474035404459954,,,,
ec_pre,pooled,1.0,29.09297121434024,1.5,4,2.431090086576273,1,0.21101103384166497,41.64561430784145,0.15804295464415807,36.517664711937044,,,,
ec_pre,pooled,3.0,87.27891364302072,0.0,4,0.7158256755254624,1,0.16365028451850958,124.34556592380014,0.13302460862487375,96.96838826026,,,,
ec_pre,pooled,3.0,87.27891364302072,0.5,4,1.3731304785761824,1,0.19234814705015446,124.5230789341332,0.1460563001286731,97.49589677310053,,,,
ec_pre,pooled,3.0,87.27891364302072,1.0,4,1.87496662405235,1,0.2208136403466051,124.66589425908614,0.15893991745740071,99.07337667790694,,,,
ec_pre,pooled,3.0,87.27891364302072,1.5,4,2.2624828401753274,1,0.24893792406997864,124.93684292352435,0.17180740418630594,101.82150230830538,,,,
ec_pre,synthetic,0.333,9.697657071446745,0.0,4,0.08461423833277001,1,0.07847763799931122,9.530446713392942,0.15507552042751374,9.804000981658888,,,,
ec_pre,synthetic,0.333,9.697657071446745,0.5,4,0.5929359557630502,1,0.07956344868482511,9.507398201160793,0.1563128626470944,9.844686753997188,,,,
ec_pre,synthetic,0.333,9.697657071446745,1.0,4,1.058946632556886,1,0.08062771059675125,9.501714521813891,0.1575117573594583,9.963307578962024,,,,
ec_pre,synthetic,0.333,9.697657071446745,1.5,4,1.4767096730517493,1,0.08169825727437573,9.50099494337541,0.1587158915088495,10.17065673859117,,,,
ec_pre,synthetic,1.0,29.09297121434024,0.0,4,0.20475920647024254,1,0.07563248872949366,28.59134014017883,0.15171946480098247,28.732388638458108,,,,
ec_pre,synthetic,1.0,29.09297121434024,0.5,4,0.6938796320033709,1,0.0784002969505073,28.522194603482376,0.15489462986034036,28.84924213589608,,,,
ec_pre,synthetic,1.0,29.09297121434024,1.0,4,1.140406969609004,1,0.081157280394496,28.505143565441678,0.1580126091305462,29.18981186038623,,,,
ec_pre,synthetic,1.0,29.09297121434024,1.5,4,1.5359007914123142,1,0.08395137764803352,28.50298483012623,0.16115148109856497,29.784885539677695,,,,
ec_pre,synthetic,3.0,87.27891364302072,0.0,4,0.4510725252797654,1,0.0710480775375116,85.77402042053649,0.14601354985133846,81.3774111259658,,,,
ec_pre,synthetic,3.0,87.27891364302072,0.5,4,0.8881060767781247,1,0.07709805468751857,85.56658381044713,0.1530341195070013,81.69320271499488,,,,
ec_pre,synthetic,3.0,87.27891364302072,1.0,4,1.2747754372556757,1,0.08327795098518963,85.51543069632504,0.1600369272928014,82.61293737640037,,,,
ec_pre,synthetic,3.0,87.27891364302072,1.5,4,1.606509453026733,1,0.0896273546752249,85.5089544903787,0.1671071544815677,84.21928258867788,,,,
eo_pre,inband,0.333,0.8503335880648548,0.0,0,-0.29696560192206173,1,0.18050987994511652,0.8308041731492547,0.14154588789243142,0.6607421763213166,,,,
eo_pre,inband,0.333,0.8503335880648548,0.5,0,0.29170024171116554,1,0.18076685540166051,0.8303555727089141,0.14168523849872663,0.6682908108699614,,,,
eo_pre,inband,0.333,0.8503335880648548,1.0,0,0.8164537952948506,1,0.18105402932318007,0.8316742087283451,0.1418351139031144,0.7019031281151669,,,,
eo_pre,inband,0.333,0.8503335880648548,1.5,0,1.3047570024911328,1,0.1813965685020009,0.8396451459000365,0.14201335273993115,0.7652185587293789,,,,
eo_pre,inband,1.0,2.5510007641945647,0.0,0,-0.009882348568798964,1,0.18037050584051945,2.492412519447764,0.1410286661536287,2.125536717045288,0.03762353527302069,-0.06412443955953415,0.06186319076893595,0.0
eo_pre,inband,1.0,2.5510007641945647,0.5,0,0.4625025562823143,1,0.18108552383275944,2.491066718126742,0.1414151489275138,2.14808132330952,0.0636462919448265,0.3485258056460656,0.5971325973154543,0.0
eo_pre,inband,1.0,2.5510007641945647,1.0,0,0.943671301605759,1,0.18188220648932749,2.4950226261850355,0.14183233400888742,2.248506292643637,0.06945189188315003,0.8005953489182227,1.0672913020669734,0.0
eo_pre,inband,1.0,2.5510007641945647,1.5,0,1.433514116994578,1,0.18281887618959833,2.5189354377001094,0.14232278348222097,2.4376411097353237,0.09261321825675538,1.2468428485576335,1.6042938678380654,0.0
eo_pre,inband,3.0,7.653002292583694,0.0,0,0.1139196013200546,1,0.17979353984212146,7.477237558343294,0.13975773863219226,6.484635064167109,,,,
eo_pre,inband,3.0,7.653002292583694,0.5,0,0.5710005015233328,1,0.18165782299302327,7.473200154380227,0.1407582690701208,6.551400830251353,,,,
eo_pre,inband,3.0,7.653002292583694,1.0,0,1.0618004862773074,1,0.18375207056933157,7.485067878555107,0.141856338856268,6.849127596680578,,,,
eo_pre,inband,3.0,7.653002292583694,1.5,0,1.5751542648387031,1,0.18619893132890136,7.556806313100329,0.14314461296897102,7.409556941273239,,,,
eo_pre,pooled,0.333,0.8503335880648548,0.0,0,-0.19359343798432266,1,0.18048667654562375,1.0866194250536452,0.14147044081793073,0.8333178300571642,,,,
eo_pre,pooled,0.333,0.8503335880648548,0.5,0,0.7810978909888203,1,0.1811987888614715,1.0898113567423329,0.14180774330361853,0.8429653616552606,,,,
eo_pre,pooled,0.333,0.8503335880648548,1.0,0,1.5473515342552258,1,0.18192200690844515,1.0924730770491073,0.14214812162549204,0.8720357527812308,,,,
eo_pre,pooled,0.333,0.8503335880648548,1.5,0,2.1697888171777757,1,0.18267667523994122,1.090550215211685,0.14250623462265777,0.9270549966257168,,,,
eo_pre,pooled,1.0,2.5510007641945647,0.0,0,0.023843478483545722,1,0.18027433764085216,3.2598582751609357,0.14083019759422852,2.6407974674669847,,,,
eo_pre,pooled,1.0,2.5510007641945647,0.5,0,0.8794490938009508,1,0.18224524064425107,3.2694340702269984,0.14175390502534152,2.669586088615794,,,,
eo_pre,pooled,1.0,2.5510007641945647,1.0,0,1.6305141796800426,1,0.18424151281371706,3.2774192311473223,0.14268641193062148,2.7563576285211098,,,,
eo_pre,pooled,1.0,2.5510007641945647,1.5,0,2.27613467063815,1,0.18630944923170842,3.2716506456350567,0.14366192000260508,2.9205641111162715,,,,
eo_pre,pooled,3.0,7.653002292583694,0.0,0,0.14953191170586733,1,0.17946347286273126,9.779574825482804,0.1393076798315763,8.009428357694537,,,,
eo_pre,pooled,3.0,7.653002292583694,0.5,0,0.9611263584806496,1,0.18450536740781967,9.808302210680996,0.14163319955133225,8.09447848890841,,,,
eo_pre,pooled,3.0,7.653002292583694,1.0,0,1.6767748274470544,1,0.1895923506582063,9.832257693441965,0.14398001747322342,8.351031247972312,,,,
eo_pre,pooled,3.0,7.653002292583694,1.5,0,2.290767614000225,1,0.1948091334543746,9.814951936905167,0.14641345485284102,8.83637548064702,,,,
eo_pre,synthetic,0.333,0.8503335880648548,0.0,0,-0.23178947477942594,1,0.07878126118346167,0.8336330612617935,0.15430196817018266,0.83652160739328,,,,
eo_pre,synthetic,0.333,0.8503335880648548,0.5,0,0.4425512767264964,1,0.07888065038766984,0.8339614366317432,0.15441279441494593,0.8432205990239164,,,,
eo_pre,synthetic,0.333,0.8503335880648548,1.0,0,0.8650094470367757,1,0.07897757448958713,0.8316742087283451,0.15452015501393204,0.8610348978239095,,,,
eo_pre,synthetic,0.333,0.8503335880648548,1.5,0,1.1758277925089475,1,0.07907495581450023,0.8315503022624462,0.15462852457686965,0.89391346584334,,,,
eo_pre,synthetic,1.0,2.5510007641945647,0.0,0,-0.052677095729397654,1,0.07839673187279612,2.5008991837853807,0.15388102294727002,2.4934463906708464,,,,
eo_pre,synthetic,1.0,2.5510007641945647,0.5,0,0.44923823260170653,1,0.07868774815629495,2.5018843098952295,0.15420588132058285,2.5134621308585063,,,,
eo_pre,synthetic,1.0,2.5510007641945647,1.0,0,0.8832059108593904,1,0.07897235957699057,2.495022626185036,0.15452151983163137,2.5666784047357663,,,,
eo_pre,synthetic,1.0,2.5510007641945647,1.5,0,1.2394501024176239,1,0.0792586600361499,2.4946509067873386,0.15484034580554923,2.664881428289815,,,,
eo_pre,synthetic,3.0,7.653002292583694,0.0,0,0.021381321256716747,1,0.07736533635263987,7.5026975513561425,0.15274402622936797,7.422770882657428,,,,
eo_pre,synthetic,3.0,7.653002292583694,0.5,0,0.49013376373561135,1,0.07818397112656832,7.50565292968569,0.15366028795424752,7.4821106098681955,,,,
eo_pre,synthetic,3.0,7.653002292583694,1.0,0,0.920746408082518,1,0.07899025458385357,7.485067878555108,0.15455680327497892,7.639791903869671,,,,
eo_pre,synthetic,3.0,7.653002292583694,1.5,0,1.288471919005735,1,0.07980385047715974,7.483952720362016,0.1554638486581228,7.93065094362329,,,,
eo_pre,inband,0.333,0.8503335880648548,0.0,1,-0.23099681683272097,1,0.18060356614303144,0.8649332326810013,0.1415017496504465,0.7126512582816941,,,,
eo_pre,inband,0.333,0.8503335880648548,0.5,1,0.3280175171627806,1,0.1808678666879169,0.8679571744570931,0.14166057253853326,0.7231224713962273,,,,
eo_pre,inband,0.333,0.8503335880648548,1.0,1,0.8404978297144078,1,0.1811564861118004,0.8705354255132457,0.14182572506351096,0.7645132702455743,,,,
eo_pre,inband,0.333,0.8503335880648548,1.5,1,1.335002578515433,1,0.18149440972753034,0.874357996778831,0.1420194889916334,0.8430386555327357,,,,
eo_pre,inband,1.0,2.5510007641945647,0.0,1,0.03202956203980915,1,0.18063715080357687,2.5947996980430044,0.1409318366969612,2.280568438133343,,,,
eo_pre,inband,1.0,2.5510007641945647,0.5,1,0.489246783568095,1,0.18136509575863177,2.6038715233712795,0.14136709120657304,2.311819634536399,,,,
eo_pre,inband,1.0,2.5510007641945647,1.0,1,0.9629631957265161,1,0.18216121639101684,2.611606276539737,0.14182730808765784,2.4354077692961393,,,,
eo_pre,inband,1.0,2.5510007641945647,1.5,1,1.4606763325138057,1,0.1830849743765876,2.6230739903364926,0.14236390699782878,2.669819589284359,,,,
eo_pre,inband,3.0,7.653002292583694,0.0,1,0.15498568409583494,1,0.18046887492606098,7.7843990941290135,0.13958478831518523,6.943672095731045,,,,
eo_pre,inband,3.0,7.653002292583694,0.5,1,0.597761198487716,1,0.18236095108421246,7.81161457011384,0.14069548321818517,7.036035179320215,,,,
eo_pre,inband,3.0,7.653002292583694,1.0,1,1.0804183502188043,1,0.18445665710832543,7.834818829619212,0.14190183416360436,7.40178475515878,,,,
eo_pre,inband,3.0,7.653002292583694,1.5,1,1.5999332821250554,1,0.1868849898317584,7.869221971009479,0.14330808220560473,8.095062641008706,,,,
eo_pre,pooled,0.333,0.8503335880648548,0.0,1,-0.1276562512275222,1,0.18061781832745302,1.1317310271828485,0.14142219783575397,0.8760386601542326,,,,
eo_pre,pooled,0.333,0.8503335880648548,0.5,1,0.8094577430846215,1,0.18135426109243488,1.1338015671847261,0.14178220487169313,0.8913224146540639,,,,
eo_pre,pooled,0.333,0.8503335880648548,1.0,1,1.5536425818175983,1,0.18210034044080087,1.13154682255208,0.14214346980443174,0.9326401702928768,,,,
eo_pre,pooled,0.333,0.8503335880648548,1.5,1,2.172841244979287,1,0.18287818471666142,1.1323115779606232,0.14252380108149673,1.0133986084575708,,,,
eo_pre,pooled,1.0,2.5510007641945647,0.0,1,0.07142607969767706,1,0.18062182737708962,3.3951930815485465,0.1407248418886621,2.7682513946205196,,,,
eo_pre,pooled,1.0,2.5510007641945647,0.5,1,0.9030723914005737,1,0.18264743605953268,3.4014047015541777,0.14170318903217877,2.813844483860266,,,,
eo_pre,pooled,1.0,2.5510007641945647,1.0,1,1.6348271218986103,1,0.1846938057903028,3.3946404676562403,0.1426877101182093,2.9371197400856266,,,,
eo_pre,pooled,1.0,2.5510007641945647,1.5,1,2.277944598460919,1,0.18681002048296916,3.39693473388187,0.1437174172356509,3.1780358646299813,,,,
eo_pre,pooled,3.0,7.653002292583694,0.0,1,0.19383388864343934,1,0.1802877571396586,10.18557924464564,0.13912419513881832,8.385586667618364,,,,
eo_pre,pooled,3.0,7.653002292583694,0.5,1,0.984312313505833,1,0.18544815965765876,10.204214104662533,0.1415698315087745,8.520152184385958,,,,
eo_pre,pooled,3.0,7.653002292583694,1.0,1,1.6837552885921654,1,0.1906416996332043,10.183921402968721,0.144034064424996,8.884177465971915,,,,
eo_pre,pooled,3.0,7.653002292583694,1.5,1,2.2963068374765374,1,0.1959560769214405,10.19080420164561,0.14658685242907046,9.595348308002135,,,,
eo_pre,synthetic,0.333,0.8503335880648548,0.0,1,,0,0.08529222788269121,0.8688470849137527,0.15841006461625162,0.9127056450214031,,,,
eo_pre,synthetic,0.333,0.8503335880648548,0.5,1,0.5078825906189685,1,0.0853952229322533,0.8703519687086407,0.1585308647028869,0.9124109612900241,,,,
eo_pre,synthetic,0.333,0.8503335880648548,1.0,1,0.9060504747901855,1,0.08549453494508079,0.8705354255132458,0.1586422710198824,0.9294443627067002,,,,
eo_pre,synthetic,0.333,0.8503335880648548,1.5,1,1.189567702177229,1,0.08559374326735344,0.8713188201773804,0.15875173920422944,0.9653240576422684,,,,
eo_pre,synthetic,1.0,2.5510007641945647,0.0,1,-0.06251832187646279,1,0.0849005358291036,2.606541254741259,0.15796074824269954,2.704894530844337,,,,
eo_pre,synthetic,1.0,2.5510007641945647,0.5,1,0.511301315194988,1,0.08520214081727133,2.611055906125922,0.15831369505880954,2.7040149041967205,,,,
eo_pre,synthetic,1.0,2.5510007641945647,1.0,1,0.9380740813099818,1,0.08549397753801523,2.611606276539738,0.1586412131508536,2.7548914207253703,,,,
eo_pre,synthetic,1.0,2.5510007641945647,1.5,1,1.2720418022490918,1,0.08578587143161855,2.6139564605321417,0.1589634609553362,2.8620470849136965,,,,
eo_pre,synthetic,3.0,7.653002292583694,0.0,1,0.02354662396283422,1,0.08385494079736044,7.819623764223776,0.15675212722139398,8.033184655524328,,,,
eo_pre,synthetic,3.0,7.653002292583694,0.5,1,0.5496374388684034,1,0.08470415090718005,7.833167718377767,0.15774101124421297,8.030585496490838,,,,
eo_pre,synthetic,3.0,7.653002292583694,1.0,1,0.9791264932669431,1,0.08553248979799462,7.834818829619213,0.15867123702672217,8.181281232542663,,,,
eo_pre,synthetic,3.0,7.653002292583694,1.5,1,1.3285678180096443,1,0.08636350578486918,7.841869381596423,0.1595893558198588,8.498573695108268,,,,
eo_pre,inband,0.333,0.8503335880648548,0.0,2,-0.32285324609383714,1,0.18060069176158738,0.8425488613011005,0.14153339326128325,0.7125549958658411,,,,
eo_pre,inband,0.333,0.8503335880648548,0.5,2,0.279767247248409,1,0.1808822672602616,0.8449737005603384,0.14169902725158867,0.7203771394158257,,,,
eo_pre,inband,0.333,0.8503335880648548,1.0,2,0.8288285358598415,1,0.18119186976178317,0.8478492350292052,0.14187115958148253,0.7586316016514234,,,,
eo_pre,inband,0.333,0.8503335880648548,1.5,2,1.3450766373784022,1,0.18155625024886363,0.8481018832291228,0.14207062714595906,0.8327109797603686,,,,
eo_pre,inband,1.0,2.5510007641945647,0.0,2,-0.048632685709676444,1,0.18059137739003614,2.5276465839033015,0.14098736166484646,2.2803296016344397,,,,
eo_pre,inband,1.0,2.5510007641945647,0.5,2,0.44584416544842365,1,0.181372681235416,2.534921101681015,0.14144176065666791,2.30368098992814,,,,
eo_pre,inband,1.0,2.5510007641945647,1.0,2,0.9548151796772323,1,0.18222811202371558,2.5435477050876156,0.14191903040833304,2.4179331792433603,,,,
eo_pre,inband,1.0,2.5510007641945647,1.5,2,1.4805165434818672,1,0.18322129693020048,2.544305649687369,0.14246950979443204,2.639135222013991,,,,
eo_pre,inband,3.0,7.653002292583694,0.0,2,0.08048341385826184,1,0.18032548602239545,7.5829397517099055,0.13967084197699903,6.943424892711183,,,,
eo_pre,inband,3.0,7.653002292583694,0.5,2,0.5597990743915477,1,0.18235446140810038,7.604763305043046,0.14082540950485012,7.012502564892801,,,,
eo_pre,inband,3.0,7.653002292583694,1.0,2,1.0795068910037742,1,0.18459954336455553,7.630643115262849,0.14207177211807595,7.350878957151992,,,,
eo_pre,inband,3.0,7.653002292583694,1.5,2,1.6359302816186203,1,0.18719170170843524,7.632916949062107,0.14351317964311558,8.00562960333379,,,,
eo_pre,pooled,0.333,0.8503335880648548,0.0,2,-0.23778074330619428,1,0.1805817381854868,1.0977097671819704,0.1414638683287723,0.8727581923459654,,,,
eo_pre,pooled,0.333,0.8503335880648548,0.5,2,0.7259237841848185,1,0.18131653028998249,1.0978715321367245,0.141824593493723,0.880023146047346,,,,
eo_pre,pooled,0.333,0.8503335880648548,1.0,2,1.5057474741154728,1,0.1820604613820452,1.0975576732441648,0.1421841650421951,0.9072311100049826,,,,
eo_pre,pooled,0.333,0.8503335880648548,1.5,2,2.150748035994439,1,0.18283468827260557,1.102824788072634,0.14255872143233958,0.9588089062729793,,,,
eo_pre,pooled,1.0,2.5510007641945647,0.0,2,-0.023185436936575692,1,0.18051134471952204,3.293129301545912,0.14080589591242687,2.7585279991234124,,,,
eo_pre,pooled,1.0,2.5510007641945647,0.5,2,0.8262939627328031,1,0.18253728960071772,3.293614596410174,0.141788759113029,2.7801958077066997,,,,
eo_pre,pooled,1.0,2.5510007641945647,1.0,2,1.5869852691069715,1,0.18458392745605265,3.292673019732494,0.14277202274911055,2.861383348373376,,,,
eo_pre,pooled,1.0,2.5510007641945647,1.5,2,2.253898689568099,1,0.18669876694850696,3.3084743642179033,0.1437924533052494,3.0152703108960255,,,,
eo_pre,pooled,3.0,7.653002292583694,0.0,2,0.10748691197559884,1,0.18006554765420746,9.879387904637735,0.13926955063509028,8.357464321906514,,,,
eo_pre,pooled,3.0,7.653002292583694,0.5,2,0.9148280518479013,1,0.18520822043097826,9.880843789230521,0.14172004641039984,8.421382961425357,,,,
eo_pre,pooled,3.0,7.653002292583694,1.0,2,1.6379551749713055,1,0.19038619467183698,9.878019059197483,0.14417934079656836,8.66121253929574,,,,
eo_pre,pooled,3.0,7.653002292583694,1.5,2,2.2716131983592196,1,0.19568432197036478,9.925423092653707,0.14671478109699418,9.115643106421489,,,,
eo_pre,synthetic,0.333,0.8503335880648548,0.0,2,-0.08958946254997315,1,0.08129931158801286,0.8473614720630822,0.15482248177530586,0.8842091688911367,,,,
eo_pre,synthetic,0.333,0.8503335880648548,0.5,2,0.6345606803045779,1,0.08139957524598582,0.847126248988209,0.15493913410913462,0.8902533184823412,,,,
eo_pre,synthetic,0.333,0.8503335880648548,1.0,2,1.0488778242265229,1,0.08149759547133305,0.8478492350292051,0.1550522133569245,0.9098902473215538,,,,
eo_pre,synthetic,0.333,0.8503335880648548,1.5,2,1.3714167122013738,1,0.08159624439614419,0.8474880381025092,0.1551663723316015,0.9457599259121217,,,,
eo_pre,synthetic,1.0,2.5510007641945647,0.0,2,0.0649583762185259,1,0.08094180237939327,2.5420844161892466,0.15440299512588282,2.629719045822491,,,,
eo_pre,synthetic,1.0,2.5510007641945647,0.5,2,0.6279009289821629,1,0.08123558363580295,2.5413787469646274,0.15474451240648154,2.64778217832745,,,,
eo_pre,synthetic,1.0,2.5510007641945647,1.0,2,1.0837601983128715,1,0.08152356744013325,2.5435477050876156,0.1550765070951463,2.706434885382392,,,,
eo_pre,synthetic,1.0,2.5510007641945647,1.5,2,1.4764000687467325,1,0.08181369692523117,2.5424641143075277,0.15541185535278465,2.813550997056511,,,,
eo_pre,synthetic,3.0,7.653002292583694,0.0,2,0.13734216457479448,1,0.07998348344200167,7.62625324856774,0.1532759018188109,7.8202468041127275,,,,
eo_pre,synthetic,3.0,7.653002292583694,0.5,2,0.6646337738296503,1,0.08081094001907646,7.624136240893883,0.15423676584012294,7.873834528132439,,,,
eo_pre,synthetic,3.0,7.653002292583694,1.0,2,1.1267430603367683,1,0.08162741921862439,7.630643115262847,0.15517677460441645,8.047559010165768,,,,
eo_pre,synthetic,3.0,7.653002292583694,1.5,2,1.543197485088773,1,0.08245220429843556,7.627392342922581,0.15612738784015856,8.364650965653995,,,,
eo_pre,inband,0.333,0.8503335880648548,0.0,3,-0.13019505425154868,1,0.18057974051213935,0.8359935604446256,0.1415447400515876,0.6722280747983399,,,,
eo_pre,inband,0.333,0.8503335880648548,0.5,3,0.4087513567383649,1,0.18082953325917275,0.8407247470148771,0.14168827946142282,0.6796698247280886,,,,
eo_pre,inband,0.333,0.8503335880648548,1.0,3,0.8981085359558609,1,0.18110437591693543,0.8437043819633062,0.1418341050602167,0.7149803464202097,,,,
eo_pre,inband,0.333,0.8503335880648548,1.5,3,1.3555675660028808,1,0.1814260280717881,0.8455101806133265,0.14199925347873985,0.7821084325872597,,,,
eo_pre,inband,1.0,2.5510007641945647,0.0,3,0.11315912122687542,1,0.1805945795947781,2.5079806813338767,0.1410431681019943,2.159884960173501,,,,
eo_pre,inband,1.0,2.5510007641945647,0.5,3,0.5635857565765351,1,0.18128377101815693,2.5221742410446315,0.1414353956295023,2.1821159076363896,,,,
eo_pre,inband,1.0,2.5510007641945647,1.0,3,1.0226440538196193,1,0.1820415789620017,2.5311131458899183,0.14184163469086714,2.2875874375253704,,,,
eo_pre,inband,1.0,2.5510007641945647,1.5,3,1.4910964802480586,1,0.18292314971428097,2.53653054183998,0.14230363240295005,2.4880391569042573,,,,
eo_pre,inband,3.0,7.653002292583694,0.0,3,0.23063471057319956,1,0.18045048520206358,7.523942044001632,0.13984461189104327,6.586622868475787,,,,
eo_pre,inband,3.0,7.653002292583694,0.5,3,0.6688319081499778,1,0.18225915734127393,7.566522723133895,0.14085361764447166,6.652505027880716,,,,
eo_pre,inband,3.0,7.653002292583694,1.0,3,1.1409750534678378,1,0.1842774194672684,7.593339437669756,0.1419346195061528,6.964948071071638,,,,
eo_pre,inband,3.0,7.653002292583694,1.5,3,1.6432937816475692,1,0.18663291577237737,7.609591625519939,0.14317828504523916,7.558272918632963,,,,
eo_pre,pooled,0.333,0.8503335880648548,0.0,3,-0.05434391236719083,1,0.18059967824421355,1.0964974536507521,0.14148375946778133,0.829461573994111,,,,
eo_pre,pooled,0.333,0.8503335880648548,0.5,3,0.8537515830107159,1,0.18129921632732482,1.099139370218518,0.14181998396209922,0.8446272692930626,,,,
eo_pre,pooled,0.333,0.8503335880648548,1.0,3,1.5858465884969575,1,0.18200973139748583,1.0977029646381626,0.14215478366558618,0.8839205873472423,,,,
eo_pre,pooled,0.333,0.8503335880648548,1.5,3,2.1903576552102755,1,0.18275097093903056,1.0988342784214817,0.14250257786432535,0.9600072669748239,,,,
eo_pre,pooled,1.0,2.5510007641945647,0.0,3,0.13760513018827808,1,0.18061757569011747,3.2894923609522557,0.1408836589156033,2.6293404970582595,,,,
eo_pre,pooled,1.0,2.5510007641945647,0.5,3,0.9501677801042964,1,0.18255074960871714,3.297418110655554,0.1417997326460041,2.674625684132443,,,,
eo_pre,pooled,1.0,2.5510007641945647,1.0,3,1.6745137365484597,1,0.1845080282176902,3.2931088939144884,0.14271527046571397,2.7919358608849,,,,
eo_pre,pooled,1.0,2.5510007641945647,1.5,3,2.306890137867627,1,0.18653547035875903,3.296502835264446,0.14366360056718858,3.0190616662186813,,,,
eo_pre,pooled,3.0,7.653002292583694,0.0,3,0.25743119395316044,1,0.1804271861935815,9.868477082856769,0.13949183637120188,7.975790642513769,,,,
eo_pre,pooled,3.0,7.653002292583694,0.5,3,1.0314215536813764,1,0.18538409689713947,9.89225433196666,0.1417937367797882,8.109815167030266,,,,
eo_pre,pooled,3.0,7.653002292583694,1.0,3,1.724887164080891,1,0.1903841089750094,9.879326681743462,0.14410162887048952,8.456836966189686,,,,
eo_pre,pooled,3.0,7.653002292583694,1.5,3,2.33109768388813,1,0.19551365093851186,9.889508505793335,0.14647905756207835,9.12847169416773,,,,
eo_pre,synthetic,0.333,0.8503335880648548,0.0,3,-0.007364612016467395,1,0.07916440849659315,0.8451385436307106,0.15252726103081973,0.8178872236038625,,,,
eo_pre,synthetic,0.333,0.8503335880648548,0.5,3,0.6609375847146342,1,0.07925795736909366,0.8452133191308646,0.15263223359284916,0.8266544773315129,,,,
eo_pre,synthetic,0.333,0.8503335880648548,1.0,3,1.0566335380423568,1,0.0793490049306898,0.8437043819633061,0.15273386491364954,0.8594762652796971,,,,
eo_pre,synthetic,0.333,0.8503335880648548,1.5,3,1.3711744088447642,1,0.07944013399875892,0.842373009339367,0.15283646624573585,0.934772288254083,,,,
eo_pre,synthetic,1.0,2.5510007641945647,0.0,3,-0.014192260303331844,1,0.07881732987489877,2.5354156308921323,0.15213867502879264,2.4333040066163583,,,,
eo_pre,synthetic,1.0,2.5510007641945647,0.5,3,0.6003151291135074,1,0.07909244513623183,2.5356399573925943,0.15244766567596937,2.4594985263739777,,,,
eo_pre,synthetic,1.0,2.5510007641945647,1.0,3,1.062139109651472,1,0.07936083134162518,2.5311131458899183,0.15274746573454367,2.557558334559077,,,,
eo_pre,synthetic,1.0,2.5510007641945647,1.5,3,1.4551525701828976,1,0.0796297624152587,2.5271190280181006,0.15305027358006662,2.7824712414736577,,,,
eo_pre,synthetic,3.0,7.653002292583694,0.0,3,0.040172734848278685,1,0.07787754028729853,7.6062468926763955,0.1510787952505006,7.240164517237041,,,,
eo_pre,synthetic,3.0,7.653002292583694,0.5,3,0.6206496518622857,1,0.07865899461320068,7.606919872177783,0.15195869026994863,7.317813457508477,,,,
eo_pre,synthetic,3.0,7.653002292583694,1.0,3,1.097379997590483,1,0.07942593234463388,7.593339437669756,0.1528169709032364,7.608468695356277,,,,
eo_pre,synthetic,3.0,7.653002292583694,1.5,3,1.519707091782681,1,0.0801967270789784,7.581357084054303,0.153684862511552,8.274781958187493,,,,
eo_pre,inband,0.333,0.8503335880648548,0.0,4,-0.36338584634807924,1,0.1806136705588827,0.819556913900102,0.1415785841152241,0.6551198369498723,,,,
eo_pre,inband,0.333,0.8503335880648548,0.5,4,0.24391572231442513,1,0.18087082920575112,0.8214081783847782,0.14171903403120947,0.6644094258615251,,,,
eo_pre,inband,0.333,0.8503335880648548,1.0,4,0.7858195689490166,1,0.18116009682274006,0.8247876736574398,0.1418732915029495,0.6999056416163741,,,,
eo_pre,inband,0.333,0.8503335880648548,1.5,4,1.285995730363695,1,0.1815039602888957,0.8266002772589073,0.1420596918012735,0.767091877705926,,,,
eo_pre,inband,1.0,2.5510007641945647,0.0,4,-0.03466234816404266,1,0.1806593506077328,2.458670741700306,0.14112494219212812,2.1086600831835334,,,,
eo_pre,inband,1.0,2.5510007641945647,0.5,4,0.4362437182129448,1,0.18135561295261865,2.4642245351543344,0.1415080893048236,2.136406150003624,,,,
eo_pre,inband,1.0,2.5510007641945647,1.0,4,0.9246585448858438,1,0.1821341554666456,2.4743630209723193,0.1419279933544068,2.242445279521918,,,,
eo_pre,inband,1.0,2.5510007641945647,1.5,4,1.4237959762053907,1,0.18304862135581437,2.4798008317767226,0.1424262124968736,2.4431120547694234,,,,
eo_pre,inband,3.0,7.653002292583694,0.0,4,0.10245241000467506,1,0.18051504624909204,7.376012225100919,0.14001489036227552,6.433916856107073,,,,
eo_pre,inband,3.0,7.653002292583694,0.5,4,0.5580134130369336,1,0.18230428184603661,7.3926736054630044,0.1409962105899275,6.516106442049378,,,,
eo_pre,inband,3.0,7.653002292583694,1.0,4,1.0567672151833054,1,0.18432394851872955,7.423089062916958,0.1420838174941819,6.830362296161447,,,,
eo_pre,inband,3.0,7.653002292583694,1.5,4,1.58388790501954,1,0.18669674545717294,7.439402495330167,0.1433669675577657,7.424719765819276,,,,
eo_pre,pooled,0.333,0.8503335880648548,0.0,4,-0.25469294115335783,1,0.1806065411663381,1.0642246636280295,0.14151960072848188,0.8103758478565536,,,,
eo_pre,pooled,0.333,0.8503335880648548,0.5,4,0.7659647205819327,1,0.1813112110811155,1.0646227778388682,0.1418512077560222,0.8198888134404618,,,,
eo_pre,pooled,0.333,0.8503335880648548,1.0,4,1.534274919960205,1,0.18202660626767111,1.0686170770097847,0.14218665090986662,0.8460874642091549,,,,
eo_pre,pooled,0.333,0.8503335880648548,1.5,4,2.153325587833797,1,0.1827717115948676,1.0718810497706437,0.14253923606959937,0.8938478147551594,,,,
eo_pre,pooled,1.0,2.5510007641945647,0.0,4,-0.0037237063123635684,1,0.1806134350421126,3.1926739908840895,0.14096918088108276,2.572209643512944,,,,
eo_pre,pooled,1.0,2.5510007641945647,0.5,4,0.8715519395153319,1,0.18256029034334664,3.193868333516605,0.141875755158085,2.6005912489828438,,,,
eo_pre,pooled,1.0,2.5510007641945647,1.0,4,1.6218530131296802,1,0.18452977668988724,3.2058512310293543,0.14279144161093585,2.678778716458918,,,,
eo_pre,pooled,1.0,2.5510007641945647,1.5,4,2.266524483114915,1,0.18656553599801629,3.2156431493119313,0.1437463886732989,2.8213033936724754,,,,
eo_pre,pooled,3.0,7.653002292583694,0.0,4,0.13480826846209454,1,0.18030237255664688,9.578021972652266,0.1396534263556598,7.8056295180517345,,,,
eo_pre,pooled,3.0,7.653002292583694,0.5,4,0.9592672843160585,1,0.18527658551188556,9.581605000549814,0.14193177070608698,7.889426665513537,,,,
eo_pre,pooled,3.0,7.653002292583694,1.0,4,1.6752517974088692,1,0.1902872485694768,9.61755369308806,0.1442275508684009,8.120491161670925,,,,
eo_pre,pooled,3.0,7.653002292583694,1.5,4,2.2944812188577095,1,0.19541550536376703,9.646929447935793,0.14659844414459786,8.541599333431643,,,,
eo_pre,synthetic,0.333,0.8503335880648548,0.0,4,,0,0.08911752190221807,0.8237151659189936,0.16125343248965401,0.847917376602522,,,,
eo_pre,synthetic,0.333,0.8503335880648548,0.5,4,0.5302348596451434,1,0.08921635889325703,0.8234102987196716,0.1613587126728906,0.8507697655387071,,,,
eo_pre,synthetic,0.333,0.8503335880648548,1.0,4,0.9478661184490863,1,0.08931146470805076,0.8247876736574398,0.16145985639865626,0.8630585649745538,,,,
eo_pre,synthetic,0.333,0.8503335880648548,1.5,4,1.2358010211819614,1,0.08940565859353783,0.8244830142972233,0.16156083069435132,0.8874849442857653,,,,
eo_pre,synthetic,1.0,2.5510007641945647,0.0,4,-0.10553970462134446,1,0.08873362337877265,2.4711454977569813,0.16085226553847598,2.5093294484553943,,,,
eo_pre,synthetic,1.0,2.5510007641945647,0.5,4,0.5280666343371669,1,0.08902321532869104,2.470230896159016,0.1611608394929064,2.5178560769628278,,,,
eo_pre,synthetic,1.0,2.5510007641945647,1.0,4,0.9754051673554274,1,0.08930282733826823,2.4743630209723197,0.16145829152022706,2.554572927765744,,,,
eo_pre,synthetic,1.0,2.5510007641945647,1.5,4,1.3171572564039813,1,0.08958020111338028,2.47344904289167,0.16175552617790298,2.6275460709329725,,,,
eo_pre,synthetic,3.0,7.653002292583694,0.0,4,0.002632137420883713,1,0.08769817645238545,7.413436493270944,0.1597655588226118,7.45212328356753,,,,
eo_pre,synthetic,3.0,7.653002292583694,0.5,4,0.5671193176912045,1,0.08851409376555185,7.410692688477047,0.16063602469692306,7.477438107380392,,,,
eo_pre,synthetic,3.0,7.653002292583694,1.0,4,1.0148839821808922,1,0.08930823738922679,7.423089062916959,0.16148147712477323,7.5862922922536935,,,,
eo_pre,synthetic,3.0,7.653002292583694,1.5,4,1.3728943379409364,1,0.09009921365044421,7.420347128675009,0.16232822352052567,7.802561722744352,,,,
ec_post,inband,0.333,9.920834153446545,0.0,0,0.028055859135646174,1,0.2353516485397545,9.823205076185545,0.1846781777528299,8.930784521504238,,,,
ec_post,inband,0.333,9.920834153446545,0.5,0,0.5334713612353621,1,0.23863112099257153,9.898724224374646,0.18685923440314078,9.065339706365528,,,,
ec_post,inband,0.333,9.920834153446545,1.0,0,1.05280599235532,1,0.24218368408526694,9.923361292428478,0.18897138495381666,9.509986425894821,,,,
ec_post,inband,0.333,9.920834153446545,1.5,0,1.583540297798376,1,0.24620772201274863,9.898485428030313,0.19123537826104164,10.315435894121606,,,,
ec_post,inband,1.0,29.76250246033964,0.0,0,0.12966684665101147,1,0.23314400556598916,29.469615228556638,0.18024947444147704,26.28661186157544,0.03161579104188553,0.06931497995461836,0.1765669931133827,0.0
ec_post,inband,1.0,29.76250246033964,0.5,0,0.6451471340574634,1,0.24058085879756966,29.696172673123943,0.18497734106037964,26.67292804191313,0.03502365883818967,0.5984040533861958,0.7105507574981889,0.0
ec_post,inband,1.0,29.76250246033964,1.0,0,1.1889999443704589,1,0.24886763801643244,29.770083877285437,0.18982499003786782,27.94778416602751,0.0343945104109508,1.1386193262824909,1.2541781866090418,0.0
ec_post,inband,1.0,29.76250246033964,1.5,0,1.7370061515171145,1,0.2582874289757935,29.695456284090938,0.19511871869586,30.25163968036171,0.04221730044688537,1.661849783129337,1.8094888142215422,0.0
ec_post,inband,3.0,89.28750738101891,0.0,0,0.29842984367684,1,0.22825990431489662,88.4088456856699,0.173617613061135,74.5543549655384,,,,
ec_post,inband,3.0,89.28750738101891,0.5,0,0.8134953993123334,1,0.24329361622993928,89.08851801937183,0.1827189312115811,75.60094615610122,,,,
ec_post,inband,3.0,89.28750738101891,1.0,0,1.3656900190019365,1,0.26085047338413064,89.31025163185629,0.19268953988351584,79.04478748840579,,,,
ec_post,inband,3.0,89.28750738101891,1.5,0,1.8933770169305653,1,0.28096726113738996,89.0863688522728,0.203822353135102,85.2412270465448,,,,
ec_post,pooled,0.333,9.920834153446545,0.0,0,0.07176619057202498,1,0.23487569800176733,14.351363270737709,0.18376416653982067,12.065061955989409,,,,
ec_post,pooled,0.333,9.920834153446545,0.5,0,0.8298047678546518,1,0.24327509783160783,14.354513316856712,0.18794989477240204,12.130886891423746,,,,
ec_post,pooled,0.333,9.920834153446545,1.0,0,1.5296534236400836,1,0.25154464701132573,14.328063455090996,0.19193633186294587,12.407840834052728,,,,
ec_post,pooled,0.333,9.920834153446545,1.5,0,2.148459871542573,1,0.25986555665724037,14.318526232031022,0.19589613361771477,12.908247947472956,,,,
ec_post,pooled,1.0,29.76250246033964,0.0,0,0.19819128743543968,1,0.23203466395256456,43.054089812213135,0.1787649296381212,35.2129274181204,,,,
ec_post,pooled,1.0,29.76250246033964,0.5,0,0.9242212942753237,1,0.24988842622036458,43.06353995057014,0.18746296580906982,35.399924017515296,,,,
ec_post,pooled,1.0,29.76250246033964,1.0,0,1.5553935896277349,1,0.26734334889687317,42.984190365272994,0.1958490750456017,36.184416755321706,,,,
ec_post,pooled,1.0,29.76250246033964,1.5,0,2.0825205312751818,1,0.2845985405587868,42.95557869609308,0.20414955742021415,37.5996066113607,,,,
ec_post,pooled,3.0,89.28750738101891,0.0,0,0.4024476412912635,1,0.22654080288952708,129.16226943663938,0.17185372678461508,98.3702834137268,,,,
ec_post,pooled,3.0,89.28750738101891,0.5,0,1.0505385698740382,1,0.2592154949542992,129.19061985171044,0.18760425641418818,98.8669442669218,,,,
ec_post,pooled,3.0,89.28750738101891,1.0,0,1.5714432333965749,1,0.2909276587809346,128.952571095819,0.20294954231786796,100.93763328621158,,,,
ec_post,pooled,3.0,89.28750738101891,1.5,0,1.9802219544021604,1,0.3216675062040843,128.86673608827923,0.2181151309789341,104.6624454237719,,,,
ec_post,synthetic,0.333,9.920834153446545,0.0,0,0.04466992855384257,1,0.13300505920544997,9.86034815582905,0.20965957089020892,10.024508271289905,,,,
ec_post,synthetic,0.333,9.920834153446545,0.5,0,0.5852824260060094,1,0.13480700219814024,9.898177322661699,0.2115413702755802,10.085422515536008,,,,
ec_post,synthetic,0.333,9.920834153446545,1.0,0,1.0733694463552836,1,0.1365255868242056,9.923361292428478,0.21328804505305396,10.288298828636306,,,,
ec_post,synthetic,0.333,9.920834153446545,1.5,0,1.5347654648572464,1,0.13823597359997375,9.910183242517906,0.2150179960687739,10.658330606741941,,,,
ec_post,synthetic,1.0,29.76250246033964,0.0,0,0.12055104871822132,1,0.12808285389461216,29.581044467487153,0.20446640647981473,29.36807890783103,,,,
ec_post,synthetic,1.0,29.76250246033964,0.5,0,0.6503423234221685,1,0.13260273934629166,29.6945319679851,0.20915567615188485,29.54329087987122,,,,
ec_post,synthetic,1.0,29.76250246033964,1.0,0,1.1244998945807494,1,0.13699739048876283,29.770083877285437,0.2136252176689638,30.125713006229738,,,,
ec_post,synthetic,1.0,29.76250246033964,1.5,0,1.5653901050378176,1,0.14139351964013877,29.730549727553722,0.21807550230965914,31.186903106979535,,,,
ec_post,synthetic,3.0,89.28750738101891,0.0,0,0.2843663238229922,1,0.11948785338978417,88.74313340246145,0.19518196140931643,83.11860142227354,,,,
ec_post,synthetic,3.0,89.28750738101891,0.5,0,0.7801083264772317,1,0.12922947542632193,89.08359590395528,0.20525010624265158,83.59333858755058,,,,
ec_post,synthetic,3.0,89.28750738101891,1.0,0,1.2091311009914412,1,0.13893870793390226,89.31025163185629,0.21512342972475648,85.16611461783006,,,,
ec_post,synthetic,3.0,89.28750738101891,1.5,0,1.5891714084314745,1,0.14872717401148633,89.19164918266114,0.2250127029171033,88.02715965090425,,,,
ec_post,inband,0.333,9.920834153446545,0.0,1,0.04796451497100242,1,0.23590171642027136,9.718141276589485,0.18472748239729558,8.600465678844976,,,,
ec_post,inband,0.333,9.920834153446545,0.5,1,0.5609008668895786,1,0.23899648282017294,9.72495234540142,0.18682748378220876,8.738032814841926,,,,
ec_post,inband,0.333,9.920834153446545,1.0,1,1.086676104648137,1,0.24234197406934857,9.740436909659104,0.1888267873082434,9.165880372171443,,,,
ec_post,inband,0.333,9.920834153446545,1.5,1,1.6228238307222653,1,0.24615581180276394,9.758920820611072,0.19096308525647204,9.93749532952412,,,,
ec_post,inband,1.0,29.76250246033964,0.0,1,0.15909987633219025,1,0.23431322371871788,29.15442382976846,0.18027580660576384,25.340562692356198,,,,
ec_post,inband,1.0,29.76250246033964,0.5,1,0.6814610028601821,1,0.24146732645857968,29.174857036204262,0.18487593751172063,25.73566407335851,,,,
ec_post,inband,1.0,29.76250246033964,1.0,1,1.2359076075993378,1,0.24943983621910115,29.221310728977315,0.18955119505765855,26.963383876756254,,,,
ec_post,inband,1.0,29.76250246033964,1.5,1,1.8058162968770513,1,0.25858898119261503,29.27676246183322,0.1946408408911964,29.17246021424674,,,,
ec_post,inband,3.0,89.28750738101891,0.0,1,0.34154368050890993,1,0.2307312534457219,87.46327148930537,0.17370325042735704,72.00311531864803,,,,
ec_post,inband,3.0,89.28750738101891,0.5,1,0.8625621194955574,1,0.24538502690931432,87.52457110861278,0.1826190754269911,73.07344813362052,,,,
ec_post,inband,3.0,89.28750738101891,1.0,1,1.4316404124724487,1,0.26254364440705485,87.66393218693193,0.19235285873701294,76.39339259629983,,,,
ec_post,inband,3.0,89.28750738101891,1.5,1,1.9976989336067579,1,0.2824005093827624,87.83028738549966,0.20319998209979367,82.34254146819964,,,,
ec_post,pooled,0.333,9.920834153446545,0.0,1,0.08405961554191502,1,0.23535431683859528,14.295960218974987,0.1838049504107389,11.784170114927312,,,,
ec_post,pooled,0.333,9.920834153446545,0.5,1,0.8566094657065613,1,0.2434862850371781,14.26894095411821,0.18780756212123195,11.855080334443171,,,,
ec_post,pooled,0.333,9.920834153446545,1.0,1,1.5700747114931464,1,0.25152233044348904,14.275654346003716,0.19161554912761455,12.127084897757575,,,,
ec_post,pooled,0.333,9.920834153446545,1.5,1,2.2031921166158988,1,0.2596392252045171,14.294786680651093,0.19540601607078473,12.617734539648687,,,,
ec_post,pooled,1.0,29.76250246033964,0.0,1,0.2254947374750537,1,0.23318184657823032,42.88788065692496,0.17881435282967933,34.4237184310472,,,,
ec_post,pooled,1.0,29.76250246033964,0.5,1,0.9624285946383712,1,0.2506269754035776,42.806822862354636,0.18721203133421455,34.62449805639285,,,,
ec_post,pooled,1.0,29.76250246033964,1.0,1,1.6075050405758495,1,0.26773893670909293,42.82696303801116,0.19531342271517635,35.39489311539046,,,,
ec_post,pooled,1.0,29.76250246033964,1.5,1,2.1503676919300005,1,0.2847203980402411,42.88436004195329,0.20334358555744303,36.782875356987496,,,,
ec_post,pooled,3.0,89.28750738101891,0.0,1,0.446943890612644,1,0.22923540638178372,128.66364197077488,0.17207264935842145,96.3199193959626,,,,
ec_post,pooled,3.0,89.28750738101891,0.5,1,1.098820660639121,1,0.2613666086928308,128.42046858706388,0.18739431559278086,96.84924945723849,,,,
ec_post,pooled,3.0,89.28750738101891,1.0,1,1.627566051246921,1,0.2926318958989275,128.48088911403346,0.20233319079821094,98.88145821067064,,,,
ec_post,pooled,3.0,89.28750738101891,1.5,1,2.0442399635337,1,0.3230367384088442,128.65308012585984,0.21710631497383187,102.53618281882264,,,,
ec_post,synthetic,0.333,9.920834153446545,0.0,1,0.10324566414518081,1,0.13173295268024263,9.762133942679409,0.2093787800214776,9.709531097741255,,,,
ec_post,synthetic,0.333,9.920834153446545,0.5,1,0.5923236502890187,1,0.1334046209450776,9.734497655770003,0.21102533367682907,9.781606052412174,,,,
ec_post,synthetic,0.333,9.920834153446545,1.0,1,1.0428653050015524,1,0.13502358564644515,9.740436909659103,0.2126014400960528,9.983655597407122,,,,
ec_post,synthetic,0.333,9.920834153446545,1.5,1,1.4526100489063596,1,0.13665410766434893,9.749166163990719,0.21420192166144633,10.342261050066881,,,,
ec_post,synthetic,1.0,29.76250246033964,0.0,1,0.1784999735692254,1,0.1271694231353572,29.28640182803823,0.2047450864983065,28.46589705941028,,,,
ec_post,synthetic,1.0,29.76250246033964,0.5,1,0.6581527509479359,1,0.13140867213925034,29.203492967310012,0.20892968224224148,28.673074242855826,,,,
ec_post,synthetic,1.0,29.76250246033964,1.0,1,1.094993654535033,1,0.13558491607315049,29.221310728977315,0.21301365636177005,29.253377117956614,,,,
ec_post,synthetic,1.0,29.76250246033964,1.5,1,1.4864913039082168,1,0.13980980202982715,29.24749849197216,0.21716802322661927,30.282402339678143,,,,
ec_post,synthetic,3.0,89.28750738101891,0.0,1,0.33897082911813015,1,0.11919092881295304,87.85920548411467,0.19629415350934093,80.69113348966533,,,,
ec_post,synthetic,3.0,89.28750738101891,0.5,1,0.7871006216982621,1,0.12844294480418958,87.61047890193004,0.20550615949327986,81.25176533479998,,,,
ec_post,synthetic,3.0,89.28750738101891,1.0,1,1.1782588000426635,1,0.13776882438129132,87.66393218693193,0.2146873134673588,82.81997073592801,,,,
ec_post,synthetic,3.0,89.28750738101891,1.5,1,1.5150460190611585,1,0.14726940375006592,87.74249547591647,0.2240346652658488,85.59746981466417,,,,
ec_post,inband,0.333,9.920834153446545,0.0,2,0.04693349399509295,1,0.2363668643228392,10.169662334540533,0.18489432437738626,9.3069444905978,,,,
ec_post,inband,0.333,9.920834153446545,0.5,2,0.555481378257799,1,0.2395812421254085,10.172226699700445,0.18707890514563077,9.465861983750507,,,,
ec_post,inband,0.333,9.920834153446545,1.0,2,1.0842970419371236,1,0.24303267371212706,10.203173880561483,0.1892158643258254,9.962332643442183,,,,
ec_post,inband,0.333,9.920834153446545,1.5,2,1.630253882937426,1,0.24694061848252288,10.22527392122354,0.19153420002315305,10.866723557632346,,,,
ec_post,inband,1.0,29.76250246033964,0.0,2,0.1470550614408072,1,0.2349220020973389,30.508987003621606,0.18062445026593732,27.35972345169805,,,,
ec_post,inband,1.0,29.76250246033964,0.5,2,0.6632879377467233,1,0.24233373537660347,30.516680099101343,0.18538234766601122,27.814014765760017,,,,
ec_post,inband,1.0,29.76250246033964,1.0,2,1.2162276014003925,1,0.25055028656792167,30.609521641684445,0.1903035403680436,29.232860685763224,,,,
ec_post,inband,1.0,29.76250246033964,1.5,2,1.7841724050023748,1,0.2599248538699392,30.675821763670626,0.1957314720780922,31.811222411501642,,,,
ec_post,inband,3.0,89.28750738101891,0.0,2,0.30952513348200805,1,0.23077539936528532,91.5269610108648,0.17416340576935652,77.40806027485739,,,,
ec_post,inband,3.0,89.28750738101891,0.5,2,0.8260873554261061,1,0.245974826811716,91.55004029730401,0.1833840172187876,78.62788946557218,,,,
ec_post,inband,3.0,89.28750738101891,1.0,2,1.3892183270567813,1,0.2636603754422947,91.82856492505334,0.19353198682168637,82.43704017214615,,,,
ec_post,inband,3.0,89.28750738101891,1.5,2,1.940065480933219,1,0.28400953406273527,92.02746529101188,0.2049249475329893,89.33089625987971,,,,
ec_post,pooled,0.333,9.920834153446545,0.0,2,0.08435168830245747,1,0.23605595191493445,15.205467000574961,0.18400660660731377,12.536329385780553,,,,
ec_post,pooled,0.333,9.920834153446545,0.5,2,0.8391918134610545,1,0.24455345683851398,15.159499354689602,0.18823973328467572,12.629810286836154,,,,
ec_post,pooled,0.333,9.920834153446545,1.0,2,1.5282739919547934,1,0.25294439475793407,15.162964676018627,0.19230740261413362,12.960603797494931,,,,
ec_post,pooled,0.333,9.920834153446545,1.5,2,2.1353167299824953,1,0.2614128569997497,15.184636035614721,0.19637965057880039,13.555301865853625,,,,
ec_post,pooled,1.0,29.76250246033964,0.0,2,0.20961958162934813,1,0.23391383721952294,45.61640100172489,0.17918400467594808,36.53580771008036,,,,
ec_post,pooled,1.0,29.76250246033964,0.5,2,0.9306288101147755,1,0.25204001955948907,45.478498064068816,0.1879649332051943,36.80018683132778,,,,
ec_post,pooled,1.0,29.76250246033964,1.0,2,1.5538115987541827,1,0.26977092363449645,45.488894028055896,0.19647550598394756,37.73459514360682,,,,
ec_post,pooled,1.0,29.76250246033964,1.5,2,2.0738589349507985,1,0.28731903395033775,45.553908106844176,0.20494817893376596,39.41190380916171,,,,
ec_post,pooled,3.0,89.28750738101891,0.0,2,0.4102800967314258,1,0.22883340568305943,136.84920300517467,0.1724793334780613,101.77140540227342,,,,
ec_post,pooled,3.0,89.28750738101891,0.5,2,1.055139569337867,1,0.262083134317953,136.43549419220642,0.18836700032594092,102.46806355889463,,,,
ec_post,pooled,3.0,89.28750738101891,1.0,2,1.5728712100369533,1,0.29428794272747694,136.46668208416764,0.2038743914674892,104.9235474684472,,,,
ec_post,pooled,3.0,89.28750738101891,1.5,2,1.9784129503083572,1,0.3254769905599356,136.6617243205325,0.2192471309757256,109.32035156724393,,,,
ec_post,synthetic,0.333,9.920834153446545,0.0,2,0.0705894667133431,1,0.12647366426374854,10.200020420377356,0.20485524810792752,10.340103821396328,,,,
ec_post,synthetic,0.333,9.920834153446545,0.5,2,0.6622892893161683,1,0.12828484000883253,10.201677221352574,0.2067281329406623,10.406595213671919,,,,
ec_post,synthetic,0.333,9.920834153446545,1.0,2,1.1799388324920679,1,0.1300234631927547,10.203173880561481,0.2085005559648906,10.630463934941762,,,,
ec_post,synthetic,0.333,9.920834153446545,1.5,2,1.6286615182842865,1,0.13176225655020696,10.20441670693394,0.2102783000228041,11.038774175302104,,,,
ec_post,synthetic,1.0,29.76250246033964,0.0,2,0.15315445461791044,1,0.12150753352061935,30.600061261132076,0.19970654471926863,30.272225292517305,,,,
ec_post,synthetic,1.0,29.76250246033964,0.5,2,0.7308852760839967,1,0.12606430097314247,30.605031664057734,0.20438877059663763,30.46271667826641,,,,
ec_post,synthetic,1.0,29.76250246033964,1.0,2,1.2281127436377612,1,0.1305195622998196,30.60952164168445,0.20892064545916625,31.10409273267464,,,,
ec_post,synthetic,1.0,29.76250246033964,1.5,2,1.6521321829234388,1,0.1349935240002618,30.61325012080183,0.21348293912437527,32.272891053876734,,,,
ec_post,synthetic,3.0,89.28750738101891,0.0,2,0.3351329277009089,1,0.11285441569031493,91.80018378339622,0.1905314436808498,85.52959959502422,,,,
ec_post,synthetic,3.0,89.28750738101891,0.5,2,0.8690494460983781,1,0.12270279004902818,91.81509499217317,0.2006330122055795,86.04133182644074,,,,
ec_post,synthetic,3.0,89.28750738101891,1.0,2,1.3046278833007905,1,0.13256252072520752,91.82856492505333,0.21063832876837338,87.76698453754412,,,,
ec_post,synthetic,3.0,89.28750738101891,1.5,2,1.6613783134127058,1,0.1425320792966567,91.83975036240548,0.22074148650458864,90.90842197742325,,,,
ec_post,inband,0.333,9.920834153446545,0.0,3,0.08064580755196242,1,0.23619339637174708,9.6312438657775,0.18492243793978824,8.439003351866841,,,,
ec_post,inband,0.333,9.920834153446545,0.5,3,0.5921056985946166,1,0.23930917518127962,9.671110457775102,0.18708358224696953,8.588339869078562,,,,
ec_post,inband,0.333,9.920834153446545,1.0,3,1.1163492233427552,1,0.24265184312613988,9.694558376802927,0.1891844092697413,9.041235414810103,,,,
ec_post,inband,0.333,9.920834153446545,1.5,3,1.6482753748333856,1,0.24642979698035397,9.728305588995417,0.19145750879471993,9.866609008388682,,,,
ec_post,inband,1.0,29.76250246033964,0.0,3,0.17509992204505087,1,0.23480337818177296,28.89373159733251,0.18061897253968684,24.873141110079402,,,,
ec_post,inband,1.0,29.76250246033964,0.5,3,0.6913698409835152,1,0.24193280685234173,29.013331373325315,0.1853678992251609,25.302594107710714,,,,
ec_post,inband,1.0,29.76250246033964,1.0,3,1.2355599172145075,1,0.24980621961240726,29.083675130408785,0.19022263331290087,26.60391064397246,,,,
ec_post,inband,1.0,29.76250246033964,1.5,3,1.7923416134423935,1,0.25876351643796913,29.184916766986248,0.19554187698728545,28.970451401928955,,,,
ec_post,inband,3.0,89.28750738101891,0.0,3,0.3330040074584633,1,0.23086567792374454,86.68119479199751,0.17406461907445755,70.69668607059934,,,,
ec_post,inband,3.0,89.28750738101891,0.5,3,0.8450734650960384,1,0.2454180859312009,87.03999411997592,0.18330279165770128,71.86316369657818,,,,
ec_post,inband,3.0,89.28750738101891,1.0,3,1.3976077760310979,1,0.2622714585963346,87.25102539122636,0.19333540287354992,75.3910800000523,,,,
ec_post,inband,3.0,89.28750738101891,1.5,3,1.9464077494998098,1,0.2816285068696218,87.55475030095874,0.2045211504494896,81.7822963132118,,,,
ec_post,pooled,0.333,9.920834153446545,0.0,3,0.12557400121857332,1,0.2358637739404069,14.372708965209986,0.1840585225261941,11.450355961250782,,,,
ec_post,pooled,0.333,9.920834153446545,0.5,3,0.8646753756648912,1,0.24394555676831267,14.435734669114682,0.18816200156979676,11.520004825318274,,,,
ec_post,pooled,0.333,9.920834153446545,1.0,3,1.5438644567887903,1,0.25191575991731197,14.396855504528059,0.19208969106767412,11.79732251440979,,,,
ec_post,pooled,0.333,9.920834153446545,1.5,3,2.148382242732159,1,0.2599554227398238,14.434360371814076,0.19601863891251492,12.301793829819884,,,,
ec_post,pooled,1.0,29.76250246033964,0.0,3,0.2448555106593789,1,0.2338929047836706,43.11812689562996,0.179217362711274,33.46969005277288,,,,
ec_post,pooled,1.0,29.76250246033964,0.5,3,0.9477402623921798,1,0.2511997693589417,43.307204007344055,0.18782729851538832,33.666750941603155,,,,
ec_post,pooled,1.0,29.76250246033964,1.0,3,1.5624035123123483,1,0.26813312498345737,43.19056651358419,0.19614387653276485,34.452765304216264,,,,
ec_post,pooled,1.0,29.76250246033964,1.5,3,2.0856172297973616,1,0.2849070371424666,43.30308111544224,0.2044089846962439,35.88113666035988,,,,
ec_post,pooled,3.0,89.28750738101891,0.0,3,0.4391539407089942,1,0.2290199838011205,129.35438068688987,0.17236878012262194,93.72097310113108,,,,
ec_post,pooled,3.0,89.28750738101891,0.5,3,1.0646944660171516,1,0.2610075557259401,129.92161202203212,0.18810149855785863,94.23883252897353,,,,
ec_post,pooled,3.0,89.28750738101891,1.0,3,1.5747892388618332,1,0.2920301732791744,129.57169954075255,0.2034109559514027,96.31373011066081,,,,
ec_post,pooled,3.0,89.28750738101891,1.5,3,1.9840594738115886,1,0.32214337602384646,129.90924334632672,0.2185578556679232,100.07903158018888,,,,
ec_post,synthetic,0.333,9.920834153446545,0.0,3,0.03080398953316793,1,0.13229192072157178,9.674498843834233,0.21209327610049813,9.394759072609002,,,,
ec_post,synthetic,0.333,9.920834153446545,0.5,3,0.5694510157411392,1,0.13399563960596786,9.697458689518493,0.21387592762710667,9.463377353583429,,,,
ec_post,synthetic,0.333,9.920834153446545,1.0,3,1.0566448468917693,1,0.13563557524038458,9.694558376802927,0.215526680475458,9.668766750636943,,,,
ec_post,synthetic,0.333,9.920834153446545,1.5,3,1.482894101508932,1,0.13728242454613543,9.680383048463455,0.2171785165299958,10.049469611944987,,,,
ec_post,synthetic,1.0,29.76250246033964,0.0,3,0.10179137319340821,1,0.1275514364691799,29.023496531502705,0.20717304437914985,27.555742036997003,,,,
ec_post,synthetic,1.0,29.76250246033964,0.5,3,0.6313489071121486,1,0.131886447400574,29.09237606855548,0.21165548640134235,27.753242383010267,,,,
ec_post,synthetic,1.0,29.76250246033964,1.0,3,1.1029907325975645,1,0.1361342875541223,29.083675130408785,0.2159272442018593,28.343900402489602,,,,
ec_post,synthetic,1.0,29.76250246033964,1.5,3,1.51078848614718,1,0.14041537817076735,29.041149145390364,0.22021278616678217,29.438004258779255,,,,
ec_post,synthetic,3.0,89.28750738101891,0.0,3,0.25272668003352877,1,0.11910703537360788,87.0704895945081,0.19822073113843466,78.1652495303507,,,,
ec_post,synthetic,3.0,89.28750738101891,0.5,3,0.7541278208225564,1,0.12859656643056283,87.27712820566643,0.20795825770894322,78.70064071561826,,,,
ec_post,synthetic,3.0,89.28750738101891,1.0,3,1.1775541755610974,1,0.13811525439428537,87.25102539122635,0.2175184995947405,80.30049174714209,,,,
ec_post,synthetic,3.0,89.28750738101891,1.5,3,1.5313122138764865,1,0.14776857132250007,87.12344743617109,0.2271401766044466,83.2620230316433,,,,
ec_post,inband,0.333,9.920834153446545,0.0,4,0.06261946868655464,1,0.23684941058822498,9.30375373005753,0.18512905633101276,8.448999221279257,,,,
ec_post,inband,0.333,9.920834153446545,0.5,4,0.5737932690561539,1,0.23982793460470034,9.291903752926022,0.18724700397181737,8.600308762673878,,,,
ec_post,inband,0.333,9.920834153446545,1.0,4,1.0965085464763054,1,0.24302510945566044,9.291956882547929,0.18927331843022768,9.052998165412012,,,,
ec_post,inband,0.333,9.920834153446545,1.5,4,1.6347485839005313,1,0.24664810788135827,9.348459179245978,0.19143345623944194,9.867086413603635,,,,
ec_post,inband,1.0,29.76250246033964,0.0,4,0.15908626260703282,1,0.23608740644960308,27.911261190172592,0.18103222080620449,24.902424898824513,,,,
ec_post,inband,1.0,29.76250246033964,0.5,4,0.6750838145809289,1,0.24302050398284933,27.87571125877807,0.18564735876545202,25.3376861226473,,,,
ec_post,inband,1.0,29.76250246033964,1.0,4,1.2217775874748278,1,0.2506899600871456,27.87587064764379,0.19034057745406074,26.638136997088466,,,,
ec_post,inband,1.0,29.76250246033964,1.5,4,1.791016772755632,1,0.2594356071026278,28.045377537737927,0.19544467845661292,28.97120775921304,,,,
ec_post,inband,3.0,89.28750738101891,0.0,4,0.3179183982465912,1,0.23291418978169512,83.73378357051777,0.1747473104096345,70.78648358917285,,,,
ec_post,inband,3.0,89.28750738101891,0.5,4,0.8319724984182764,1,0.24715611472223936,83.6271337763342,0.18364292403752266,71.96987936520817,,,,
ec_post,inband,3.0,89.28750738101891,1.0,4,1.3932359631816709,1,0.2637226396999048,83.62761194293137,0.19333070433099647,75.49521584638752,,,,
ec_post,inband,3.0,89.28750738101891,1.5,4,1.9593071679029979,1,0.28281087058113924,84.13613261321379,0.2041308568495835,81.79244065157751,,,,
ec_post,pooled,0.333,9.920834153446545,0.0,4,0.1004611090587282,1,0.23682041315005348,13.83096266867269,0.18430151608058237,11.65186465970773,,,,
ec_post,pooled,0.333,9.920834153446545,0.5,4,0.8525315837816682,1,0.24481251197524004,13.837074556750263,0.18838581882451097,11.722617798595289,,,,
ec_post,pooled,0.333,9.920834153446545,1.0,4,1.5529946469709761,1,0.25269425173061394,13.82233391464324,0.19227665541452646,12.009376900772326,,,,
ec_post,pooled,0.333,9.920834153446545,1.5,4,2.1867606596406604,1,0.260647231270664,13.79791161661906,0.19614748491539483,12.530201861375643,,,,
ec_post,pooled,1.0,29.76250246033964,0.0,4,0.22187368567697882,1,0.23555884210256758,41.49288800601808,0.17967577722705827,34.04537688916389,,,,
ec_post,pooled,1.0,29.76250246033964,0.5,4,0.9416243746660504,1,0.2526734083523916,41.5112236702508,0.1881735738154532,34.245502088063375,,,,
ec_post,pooled,1.0,29.76250246033964,1.0,4,1.577770073488895,1,0.269416713429088,41.46700174392973,0.19637577964098957,35.05832940658637,,,,
ec_post,pooled,1.0,29.76250246033964,1.5,4,2.1217652767952355,1,0.28600591062332265,41.393734849857196,0.20450923410222024,36.533146706599396,,,,
ec_post,pooled,3.0,89.28750738101891,0.0,4,0.41753695665091073,1,0.2315490670922047,124.47866401805422,0.17315613937466187,95.29139827516781,,,,
ec_post,pooled,3.0,89.28750738101891,0.5,4,1.0642793803555126,1,0.2631501386382816,124.53367101075239,0.18858430243040084,95.8172595533662,,,,
ec_post,pooled,3.0,89.28750738101891,1.0,4,1.5944465765842069,1,0.2938160984676271,124.40100523178918,0.2036308099672798,97.96483365324825,,,,
ec_post,pooled,3.0,89.28750738101891,1.5,4,2.016379775947137,1,0.32360305326972655,124.18120454957156,0.21852983253714625,101.85618658510029,,,,
ec_post,synthetic,0.333,9.920834153446545,0.0,4,0.04443366021034129,1,0.134055390830554,9.299550793460835,0.20730983348974172,9.557582554358763,,,,
ec_post,synthetic,0.333,9.920834153446545,0.5,4,0.5632104244885857,1,0.1356926274386439,9.304132259773727,0.20905660403696685,9.626240235082443,,,,
ec_post,synthetic,0.333,9.920834153446545,1.0,4,1.0430243573586822,1,0.1372671067406461,9.29195688254793,0.21068019768289553,9.825943388256677,,,,
ec_post,synthetic,0.333,9.920834153446545,1.5,4,1.467562956529163,1,0.13884642702437677,9.274674234170888,0.21228718423184884,10.172480797696377,,,,
ec_post,synthetic,1.0,29.76250246033964,0.0,4,0.11479280437987789,1,0.12949055865266854,27.898652380382508,0.202533108999517,28.02429958225875,,,,
ec_post,synthetic,1.0,29.76250246033964,0.5,4,0.6289340715868308,1,0.13365314112611815,27.912396779321192,0.20688717600449427,28.22180130191729,,,,
ec_post,synthetic,1.0,29.76250246033964,1.0,4,1.0949728402450685,1,0.13772836003415642,27.875870647643794,0.21106239286708145,28.79570658788997,,,,
ec_post,synthetic,1.0,29.76250246033964,1.5,4,1.5006648966755611,1,0.14183101945390628,27.824022702512657,0.2152208240098557,29.79061592889641,,,,
ec_post,synthetic,3.0,89.28750738101891,0.0,4,0.26661405560224316,1,0.1213763587527006,83.69595714114752,0.19393304022319383,79.47056741681644,,,,
ec_post,synthetic,3.0,89.28750738101891,0.5,4,0.7583572553361404,1,0.13050561185668424,83.73719033796357,0.20334771172093408,80.00585253519799,,,,
ec_post,synthetic,3.0,89.28750738101891,1.0,4,1.1800615776340961,1,0.13964532723732304,83.62761194293137,0.21263937621575837,81.55945821250138,,,,
ec_post,synthetic,3.0,89.28750738101891,1.5,4,1.5320929730329462,1,0.14890088856448275,83.47206810753798,0.22195527555130837,84.24877046372892,,,,
eo_post,inband,0.333,1.1428248240415473,0.0,0,-0.1324323963929806,1,0.24775824882017305,1.1490186347780218,0.19089758360997028,1.1769693502853087,,,,
eo_post,inband,0.333,1.1428248240415473,0.5,0,0.44925111080665836,1,0.2481851060129422,1.1516861468548114,0.191180001904262,1.1990785080255302,,,,
eo_post,inband,0.333,1.1428248240415473,1.0,0,0.9851310499190548,1,0.24866390800328,1.1548701474236,0.19147092954662426,1.2613668695326161,,,,
eo_post,inband,0.333,1.1428248240415473,1.5,0,1.5072160904065233,1,0.24924549929619502,1.1588774809154943,0.19181987198222658,1.3766857646346613,,,,
eo_post,inband,1.0,3.428474472124642,0.0,0,-0.010269011867157344,1,0.24757493977236797,3.4470559043340656,0.189895444900329,3.614059957521751,0.03511527833796195,-0.06441790638464061,0.06027642910036401,0.0
eo_post,inband,1.0,3.428474472124642,0.5,0,0.5128625413623251,1,0.2487724453443311,3.4550584405644336,0.19066547415962448,3.6799497687730276,0.030944609360858653,0.4550356774501748,0.5648476501479195,0.0
eo_post,inband,1.0,3.428474472124642,1.0,0,1.0373692367417635,1,0.2501011826845073,3.4646104422708,0.19147255840870814,3.8655016473013166,0.04177804233281348,0.9693972737053647,1.1238693145585334,0.0
eo_post,inband,1.0,3.428474472124642,1.5,0,1.577022514833932,1,0.2516779688552377,3.476632442746483,0.19243266531819397,4.208848732499596,0.05841029395314753,1.4691319124249893,1.6927052413050503,0.0
eo_post,inband,3.0,10.285423416373927,0.0,0,0.068157431094667,1,0.24681359266464742,10.341167713002198,0.18758643539091885,10.828988487233124,,,,
eo_post,inband,3.0,10.285423416373927,0.5,0,0.5814848908155242,1,0.2499282905675337,10.365175321693304,0.18951820487744525,11.022958360582285,,,,
eo_post,inband,3.0,10.285423416373927,1.0,0,1.1132052762388274,1,0.25338451037830917,10.393831326812402,0.1915985458792047,11.568587712641687,,,,
eo_post,inband,3.0,10.285423416373927,1.5,0,1.6659299081432506,1,0.25742069960269726,10.429897328239452,0.19406083188606937,12.576889152482625,,,,
eo_post,pooled,0.333,1.1428248240415473,0.0,0,-0.0857601240248267,1,0.24766665117577527,1.5192314419642858,0.19073739648819457,1.3748292610965631,,,,
eo_post,pooled,0.333,1.1428248240415473,0.5,0,0.7090538927814045,1,0.2487366338146832,1.5168698631444517,0.1912863205556654,1.3897391595167188,,,,
eo_post,pooled,0.333,1.1428248240415473,1.0,0,1.3842286101296792,1,0.24982560225864348,1.5191984063810675,0.19182519378626287,1.4293168995076446,,,,
eo_post,pooled,0.333,1.1428248240415473,1.5,0,1.9791962878358471,1,0.25097644830580945,1.5181346485204625,0.19239314531507132,1.49902588100758,,,,
eo_post,pooled,1.0,3.428474472124642,0.0,0,0.015311965679435652,1,0.24733379111650397,4.557694325892857,0.18951595775314706,4.203042401348932,,,,
eo_post,pooled,1.0,3.428474472124642,0.5,0,0.7520543720769903,1,0.25022704893623865,4.550609589433355,0.1909714544156849,4.247430182473943,,,,
eo_post,pooled,1.0,3.428474472124642,1.0,0,1.415326861504926,1,0.2531600148447969,4.557595219143202,0.19241493175583582,4.365213488577747,,,,
eo_post,pooled,1.0,3.428474472124642,1.5,0,2.0178599131722503,1,0.25622311418882854,4.554403945561386,0.19393016373941385,4.572603478155472,,,,
eo_post,pooled,3.0,10.285423416373927,0.0,0,0.09857783475779602,1,0.24623649449676802,13.673082977678574,0.18683155877701121,12.55749055072791,,,,
eo_post,pooled,3.0,10.285423416373927,0.5,0,0.8083145215650885,1,0.25338455034824614,13.651828768300067,0.19033289013380478,12.687811114139059,,,,
eo_post,pooled,3.0,10.285423416373927,1.0,0,1.4424619014604607,1,0.2605785958395305,13.672785657429609,0.19384030182697176,13.033268839352761,,,,
eo_post,pooled,3.0,10.285423416373927,1.5,0,2.0087097193799264,1,0.26796900283608294,13.663211836684162,0.1975016645190591,13.641065932287361,,,,
eo_post,synthetic,0.333,1.1428248240415473,0.0,0,-0.24950227722414028,1,0.1258156324002516,1.1560735549747942,0.20246456632314674,1.3315563560172523,,,,
eo_post,synthetic,0.333,1.1428248240415473,0.5,0,0.5108795002945539,1,0.12602940662734297,1.1583678125909944,0.20269840443553366,1.338843547539134,,,,
eo_post,synthetic,0.333,1.1428248240415473,1.0,0,0.9835550334591124,1,0.12623080187899227,1.1548701474236,0.20290636713342053,1.36265134981818,,,,
eo_post,synthetic,0.333,1.1428248240415473,1.5,0,1.33790599641004,1,0.1264309969456266,1.1536903247886545,0.20311074790644146,1.406530721576362,,,,
eo_post,synthetic,1.0,3.428474472124642,0.0,0,-0.11073363772732055,1,0.12498658352621278,3.4682206649243827,0.20159752902304148,3.9639277130060364,,,,
eo_post,synthetic,1.0,3.428474472124642,0.5,0,0.49866975658574847,1,0.12560805519405147,3.4751034377729844,0.20227358932798062,3.985653826082411,,,,
eo_post,synthetic,1.0,3.428474472124642,1.0,0,1.0026772737438285,1,0.12619668937490525,3.4646104422708,0.20288116118646934,4.056601206503651,,,,
eo_post,synthetic,1.0,3.428474472124642,1.5,0,1.4130478979366352,1,0.12678242738456708,3.4610709743659642,0.20347909068922762,4.187331854891181,,,,
eo_post,synthetic,3.0,10.285423416373927,0.0,0,-0.0536493655122052,1,0.1227849281092786,10.404661994773148,0.19930045950402456,11.757370131078234,,,,
eo_post,synthetic,3.0,10.285423416373927,0.5,0,0.5260774717403952,1,0.12450477744348414,10.425310313318954,0.20115170601835208,11.821390775530785,,,,
eo_post,synthetic,3.0,10.285423416373927,1.0,0,1.0332035981660195,1,0.12615265628954314,10.393831326812402,0.20285125148720792,12.03019350954245,,,,
eo_post,synthetic,3.0,10.285423416373927,1.5,0,1.4571667764620824,1,0.12779687460121397,10.383212923097895,0.20452904194884786,12.414716618709912,,,,
eo_post,inband,0.333,1.1428248240415473,0.0,1,-0.157668397853487,1,0.24776163117665054,1.0947902773247293,0.19092756085562598,0.9276365077991802,,,,
eo_post,inband,0.333,1.1428248240415473,0.5,1,0.4316300422024216,1,0.24815756420599624,1.0993385501945454,0.19119198286702227,0.9491626780796142,,,,
eo_post,inband,0.333,1.1428248240415473,1.0,1,0.9678715235971864,1,0.248596834174853,1.1039453271903859,0.19146226989531093,1.009490491399329,,,,
eo_post,inband,0.333,1.1428248240415473,1.5,1,1.4945509328244813,1,0.2491281414189377,1.1103129599138613,0.19178882582947368,1.1267439837509172,,,,
eo_post,inband,1.0,3.428474472124642,0.0,1,-0.02390571814305517,1,0.24762912629202424,3.284370831974188,0.18999595144508286,2.8706701824860117,,,,
eo_post,inband,1.0,3.428474472124642,0.5,1,0.49825331894891417,1,0.24875131684572208,3.2980156505836358,0.19071573790030671,2.9348901790987263,,,,
eo_post,inband,1.0,3.428474472124642,1.0,1,1.0204847024211974,1,0.24999254188705766,3.311835981571157,0.1914700530697094,3.1148494517223555,,,,
eo_post,inband,1.0,3.428474472124642,1.5,1,1.5635133311954075,1,0.25146731376957354,3.3309388797415833,0.19237063150367426,3.4645032992303255,,,,
eo_post,inband,3.0,10.285423416373927,0.0,1,0.05949297648039064,1,0.24710977785567512,9.853112495922563,0.18786118133186946,8.637654227188726,,,,
eo_post,inband,3.0,10.285423416373927,0.5,1,0.5676576995617694,1,0.25006599977798444,9.894046951750909,0.18967718303309772,8.827265272588495,,,,
eo_post,inband,3.0,10.285423416373927,1.0,1,1.0964285570345111,1,0.2533613856778419,9.935507944713475,0.19163706340332648,9.358447283298855,,,,
eo_post,inband,3.0,10.285423416373927,1.5,1,1.652787143093557,1,0.25723094137393776,9.99281663922475,0.1939579331357827,10.389634697847773,,,,
eo_post,pooled,0.333,1.1428248240415473,0.0,1,-0.10949997640567591,1,0.24771549100992793,1.4558820541355932,0.19078643855913224,1.1366034127297793,,,,
eo_post,pooled,0.333,1.1428248240415473,0.5,1,0.7140207521600518,1,0.24871418080813484,1.4572104972976532,0.19130448855997292,1.1449008064965205,,,,
eo_post,pooled,0.333,1.1428248240415473,1.0,1,1.4036975771885283,1,0.24972320099652526,1.458566935254563,0.19180564081571355,1.1783003877692808,,,,
eo_post,pooled,0.333,1.1428248240415473,1.5,1,2.0045910381339023,1,0.2507828813931288,1.4589400984004957,0.1923308593085015,1.2429171281542566,,,,
eo_post,pooled,1.0,3.428474472124642,0.0,1,-2.3488215431729186e-06,1,0.24749224688746266,4.36764616240678,0.18966036070491685,3.493633471190025,,,,
eo_post,pooled,1.0,3.428474472124642,0.5,1,0.7572662922126122,1,0.2502071460157865,4.37163149189296,0.191030305904915,3.518368181311029,,,,
eo_post,pooled,1.0,3.428474472124642,1.0,1,1.4367223657699426,1,0.252950474776815,4.375700805763689,0.192379267698905,3.617913237295948,,,,
eo_post,pooled,1.0,3.428474472124642,1.5,1,2.051127320156466,1,0.2558085486410948,4.376820295201487,0.19379137440943106,3.8104639425156566,,,,
eo_post,pooled,3.0,10.285423416373927,0.0,1,0.08734320501469969,1,0.24676657157778065,13.102938487220342,0.18718592566972136,10.473374847765562,,,,
eo_post,pooled,3.0,10.285423416373927,0.5,1,0.8127418524531071,1,0.2535384981692529,13.114894475678883,0.19049949402963143,10.546246908711055,,,,
eo_post,pooled,3.0,10.285423416373927,1.0,1,1.4638105936176904,1,0.26035355827739043,13.127102417291068,0.19380885347880875,10.8393800131027,,,,
eo_post,pooled,3.0,10.285423416373927,1.5,1,2.0478617359078175,1,0.2673584644697759,13.130460885604462,0.19725984018782272,11.406141424940834,,,,
eo_post,synthetic,0.333,1.1428248240415473,0.0,1,-0.006120907612838377,1,0.13131879158867443,1.1011025198773998,0.20774553997239176,1.0785570304716614,,,,
eo_post,synthetic,0.333,1.1428248240415473,0.5,1,0.5565484689988002,1,0.13152052514983334,1.103134667569573,0.20797024138147074,1.087542760238806,,,,
eo_post,synthetic,0.333,1.1428248240415473,1.0,1,0.9995893981029106,1,0.13171259379660336,1.1039453271903856,0.20816555027880804,1.1139895456694922,,,,
eo_post,synthetic,0.333,1.1428248240415473,1.5,1,1.3692017433278119,1,0.1319056280059246,1.1042250169478682,0.20835902392829136,1.1636397486739214,,,,
eo_post,synthetic,1.0,3.428474472124642,0.0,1,0.0266178063810498,1,0.13056525317241519,3.3033075596321995,0.20693412686154683,3.216087849177575,,,,
eo_post,synthetic,1.0,3.428474472124642,0.5,1,0.5418500431651256,1,0.13115282125869987,3.3094040027087197,0.20758086831548414,3.242906560474128,,,,
eo_post,synthetic,1.0,3.428474472124642,1.0,1,1.0163583430703462,1,0.13171512954855025,3.311835981571157,0.20815257763060785,3.321818277111632,,,,
eo_post,synthetic,1.0,3.428474472124642,1.5,1,1.4479464344893926,1,0.132280766454396,3.3126750508436054,0.20871973544954964,3.4699379730797255,,,,
eo_post,synthetic,3.0,10.285423416373927,0.0,1,0.06001703102513406,1,0.12855775431284525,9.9099226788966,0.2047849049112524,9.559933896290984,,,,
eo_post,synthetic,3.0,10.285423416373927,0.5,1,0.5623601755637087,1,0.13019015223258237,9.928212008126161,0.20654710691292266,9.639199121086074,,,,
eo_post,synthetic,3.0,10.285423416373927,1.0,1,1.042996877556343,1,0.13176991390818144,9.935507944713473,0.20815288236320367,9.872265611871207,,,,
eo_post,synthetic,3.0,10.285423416373927,1.5,1,1.4921023267867601,1,0.13336257403471863,9.938025152530816,0.20975118134075477,10.309543398225117,,,,
eo_post,inband,0.333,1.1428248240415473,0.0,2,-0.11640898183509751,1,0.24794942276404336,1.1086543860722524,0.19096446819629856,0.9563943422320497,,,,
eo_post,inband,0.333,1.1428248240415473,0.5,2,0.4370810782884369,1,0.248374485302536,1.1092600392113872,0.191236574435623,0.9759425465298033,,,,
eo_post,inband,0.333,1.1428248240415473,1.0,2,0.9389036414711585,1,0.2488539149312939,1.1119154664786097,0.1915256726550695,1.0320605585972615,,,,
eo_post,inband,0.333,1.1428248240415473,1.5,2,1.4181359424790312,1,0.24943824969070355,1.1124901620797722,0.19187736493122784,1.1361328579796468,,,,
eo_post,inband,1.0,3.428474472124642,0.0,2,0.00028991951507899457,1,0.24812752974613017,3.3259631582167573,0.1900793717891744,2.9565134834434534,,,,
eo_post,inband,1.0,3.428474472124642,0.5,2,0.49807919125580485,1,0.24931350973298028,3.3277801176341626,0.1908253382736944,3.0148291136968175,,,,
eo_post,inband,1.0,3.428474472124642,1.0,2,0.9879240866851962,1,0.2506361116096986,3.335746399435829,0.19162252931871893,3.1822039179702126,,,,
eo_post,inband,1.0,3.428474472124642,1.5,2,1.4803977664334382,1,0.25220824698627237,3.3374704862393165,0.19257652249345886,3.4924737327003426,,,,
eo_post,inband,3.0,10.285423416373927,0.0,2,0.0758411630824927,1,0.2482157677233528,9.977889474650274,0.1880183574732597,8.891587925215276,,,,
eo_post,inband,3.0,10.285423416373927,0.5,2,0.5626967304232673,1,0.2512894059352612,9.983340352902486,0.18989914561868915,9.063743484341455,,,,
eo_post,inband,3.0,10.285423416373927,1.0,2,1.0587069804580966,1,0.2547073150724235,10.007239198307488,0.1919418279523848,9.557576055556998,,,,
eo_post,inband,3.0,10.285423416373927,1.5,2,1.5642023577425936,1,0.2586895115890361,10.012411458717953,0.19435373686381208,10.471991369168252,,,,
eo_post,pooled,0.333,1.1428248240415473,0.0,2,-0.0709707944181828,1,0.24794524643593843,1.4714395256110717,0.1908432253243318,1.1569741717224553,,,,
eo_post,pooled,0.333,1.1428248240415473,0.5,2,0.6958619248884214,1,0.24896214942981465,1.4721751210476304,0.19136272160646628,1.1690729612891968,,,,
eo_post,pooled,0.333,1.1428248240415473,1.0,2,1.3467874387117322,1,0.2500020709635112,1.4732334192631447,0.19188243465246863,1.204280611372861,,,,
eo_post,pooled,0.333,1.1428248240415473,1.5,2,1.9194034029799105,1,0.2511055953018082,1.4715634323428695,0.19243819520956298,1.2670630723049605,,,,
eo_post,pooled,1.0,3.428474472124642,0.0,2,0.027150376980303936,1,0.2481125569187314,4.414318576833216,0.18978728142050055,3.554390936230874,,,,
eo_post,pooled,1.0,3.428474472124642,0.5,2,0.737141736774025,1,0.2508644363952945,4.41652536314289,0.19117550383785337,3.590443879825833,,,,
eo_post,pooled,1.0,3.428474472124642,1.0,2,1.376311840006546,1,0.2536624959414212,4.419700257789434,0.19256908758960767,3.695338294607153,,,,
eo_post,pooled,1.0,3.428474472124642,1.5,2,1.9556429563967974,1,0.256593974972275,4.414690297028607,0.19404812077059144,3.8823356285193276,,,,
eo_post,pooled,3.0,10.285423416373927,0.0,2,0.10727038061323602,1,0.24807882105927392,13.242955730499649,0.18740539561245742,10.652691027266066,,,,
eo_post,pooled,3.0,10.285423416373927,0.5,2,0.7898271102388311,1,0.2549052555193202,13.249576089428674,0.1907804458065998,10.758811958999416,,,,
eo_post,pooled,3.0,10.285423416373927,1.0,2,1.4019955123692747,1,0.26178781225801234,13.259100773368301,0.19418293256100144,11.067395089896205,,,,
eo_post,pooled,3.0,10.285423416373927,1.5,2,1.9495435518247544,1,0.26887181281901246,13.244070891085826,0.19775600541026417,11.617122375968261,,,,
eo_post,synthetic,0.333,1.1428248240415473,0.0,2,0.06579892340166105,1,0.13014768536690316,1.11274428726193,0.20348025849595386,1.1261828352450742,,,,
eo_post,synthetic,0.333,1.1428248240415473,0.5,2,0.6021080277199343,1,0.13035278513766502,1.1108231058500448,0.20370056665183853,1.133532329190734,,,,
eo_post,synthetic,0.333,1.1428248240415473,1.0,2,1.0221690916854247,1,0.13054925257534655,1.11191546647861,0.20390455583849304,1.1567625941232762,,,,
eo_post,synthetic,0.333,1.1428248240415473,1.5,2,1.3749435453407783,1,0.13074738737501004,1.1109462719414596,0.20410898792175525,1.1980527684489857,,,,
eo_post,synthetic,1.0,3.428474472124642,0.0,2,0.060458577022166,1,0.12940884351324006,3.3382328617857913,0.2027037703261998,3.351476037899959,,,,
eo_post,synthetic,1.0,3.428474472124642,0.5,2,0.5831528546153311,1,0.1300052552132247,3.3324693175501356,0.20334114286299337,3.373403078109245,,,,
eo_post,synthetic,1.0,3.428474472124642,1.0,2,1.037071776442389,1,0.1305793344435794,3.3357463994358296,0.203936614755743,3.4426961230351947,,,,
eo_post,synthetic,1.0,3.428474472124642,1.5,2,1.439023547985735,1,0.13115857621866092,3.3328388158243794,0.20453407414942976,3.565840026846666,,,,
eo_post,synthetic,3.0,10.285423416373927,0.0,2,0.090990153812225,1,0.12744847740601387,10.014698585357374,0.20065130340917542,9.953443299094017,,,,
eo_post,synthetic,3.0,10.285423416373927,0.5,2,0.6052583362729493,1,0.12910038415913055,9.997407952650406,0.20240002688861064,10.018185638299204,,,,
eo_post,synthetic,3.0,10.285423416373927,1.0,2,1.0638585324622778,1,0.13070646735684294,10.007239198307488,0.20406226909966435,10.222675890259667,,,,
eo_post,synthetic,3.0,10.285423416373927,1.5,2,1.4762165210305014,1,0.13232899220621608,9.998516447473138,0.20573420726713257,10.585933859708833,,,,
eo_post,inband,0.333,1.1428248240415473,0.0,3,-0.1533416225179799,1,0.24778150418811518,1.1219798688829892,0.19090781552139263,0.9818648162615201,,,,
eo_post,inband,0.333,1.1428248240415473,0.5,3,0.4218435884387247,1,0.24820432182125804,1.1222264865711142,0.19117643270725265,1.002923039694887,,,,
eo_post,inband,0.333,1.1428248240415473,1.0,3,0.9512948138808136,1,0.24867348752149204,1.1266591539372106,0.19144743814093992,1.0615360613520088,,,,
eo_post,inband,0.333,1.1428248240415473,1.5,3,1.4726878034812223,1,0.24924084637708496,1.1334165086286707,0.19176877744838694,1.1707982984180894,,,,
eo_post,inband,1.0,3.428474472124642,0.0,3,-0.027811104404708416,1,0.24775779681988605,3.3659396066489684,0.18998278263792773,3.032427884555599,,,,
eo_post,inband,1.0,3.428474472124642,0.5,3,0.489760496299985,1,0.24893091989507513,3.3666794597133434,0.19070806141625674,3.0952538796502984,,,,
eo_post,inband,1.0,3.428474472124642,1.0,3,1.0085575347396212,1,0.25023349411840096,3.3799774618116323,0.1914606725381465,3.270061959059909,,,,
eo_post,inband,1.0,3.428474472124642,1.5,3,1.5504580716416452,1,0.2517871503288689,3.4002495258860126,0.19234997455596972,3.5957842612994235,,,,
eo_post,inband,3.0,10.285423416373927,0.0,3,0.05447670179938989,1,0.2475624812855285,10.097818819946905,0.18791156444935875,9.115042896904699,,,,
eo_post,inband,3.0,10.285423416373927,0.5,3,0.5626618178014591,1,0.25061050456653583,10.100038379140027,0.1897393867067896,9.30054835651549,,,,
eo_post,inband,3.0,10.285423416373927,1.0,3,1.0921336130310793,1,0.25401275161289166,10.139932385434898,0.19169389662188255,9.816218013854284,,,,
eo_post,inband,3.0,10.285423416373927,1.5,3,1.6530667376333508,1,0.2580121134993631,10.200748577658036,0.19399205421562388,10.775967755984915,,,,
eo_post,pooled,0.333,1.1428248240415473,0.0,3,-0.12046244600194923,1,0.24776771684769655,1.4757601029228575,0.19077959944296285,1.2046306668261526,,,,
eo_post,pooled,0.333,1.1428248240415473,0.5,3,0.6949182202456297,1,0.24882605898612656,1.478736625828882,0.19131488957208978,1.2141989550220278,,,,
eo_post,pooled,0.333,1.1428248240415473,1.0,3,1.3904885060377308,1,0.24990195134863807,1.4793356068974275,0.19183401117923213,1.247850490463217,,,,
eo_post,pooled,0.333,1.1428248240415473,1.5,3,2.003534304020869,1,0.2510366948595239,1.47545764868503,0.1923762919779347,1.3105052392210488,,,,
eo_post,pooled,1.0,3.428474472124642,0.0,3,-0.011726397785944294,1,0.24771076631753025,4.427280308768573,0.18967724781374384,3.696259321581762,,,,
eo_post,pooled,1.0,3.428474472124642,0.5,3,0.7403418717248987,1,0.25055487291267514,4.436209877486647,0.19108382449349198,3.724770616577237,,,,
eo_post,pooled,1.0,3.428474472124642,1.0,3,1.4236190080877238,1,0.25343937732372523,4.438006820692283,0.19247022416313417,3.8250176138719496,,,,
eo_post,pooled,1.0,3.428474472124642,1.5,3,2.048167136187711,1,0.2564502955215765,4.426372946055091,0.19391822769604675,4.011623477594139,,,,
eo_post,pooled,3.0,10.285423416373927,0.0,3,0.07834492969292553,1,0.24740088122078727,13.281840926305719,0.18729485774383983,11.06912107545628,,,,
eo_post,pooled,3.0,10.285423416373927,0.5,3,0.7982059398894797,1,0.25439915376749833,13.30862963245994,0.19067531750086605,11.153023796977427,,,,
eo_post,pooled,3.0,10.285423416373927,1.0,3,1.4504120967899023,1,0.26144818049525953,13.314020462076849,0.194046084966988,11.447832131918812,,,,
eo_post,pooled,3.0,10.285423416373927,1.5,3,2.040425763954904,1,0.26869298109998146,13.279118838165273,0.19754903753566108,11.996310199319804,,,,
eo_post,synthetic,0.333,1.1428248240415473,0.0,3,-0.031242466646736185,1,0.1298784022344934,1.126208701780473,0.20311029905258599,1.157292810500232,,,,
eo_post,synthetic,0.333,1.1428248240415473,0.5,3,0.5422850164484047,1,0.1300825596092815,1.1276403560187835,0.2033165441771341,1.1653587926362918,,,,
eo_post,synthetic,0.333,1.1428248240415473,1.0,3,0.9585263597962316,1,0.13027664824808063,1.1266591539372108,0.20350994335206304,1.1893535165333866,,,,
eo_post,synthetic,0.333,1.1428248240415473,1.5,3,1.2919537986448277,1,0.1304701312204814,1.1303048020868718,0.2037059720525375,1.2335828601926648,,,,
eo_post,synthetic,1.0,3.428474472124642,0.0,3,-0.020638778064408007,1,0.12911885786447924,3.378626105341419,0.2023405622282827,3.4501772723401047,,,,
eo_post,synthetic,1.0,3.428474472124642,0.5,3,0.5148192705862386,1,0.12971336775512193,3.3829210680563504,0.20294090704128775,3.474229196012291,,,,
eo_post,synthetic,1.0,3.428474472124642,1.0,3,0.9688617452419647,1,0.13028102739179534,3.3799774618116323,0.20350705597785523,3.545780345514212,,,,
eo_post,synthetic,1.0,3.428474472124642,1.5,3,1.3564443365495695,1,0.13084751236045897,3.390914406260615,0.20408115739275204,3.6776536258225625,,,,
eo_post,synthetic,3.0,10.285423416373927,0.0,3,0.013858333686567074,1,0.1270978153587188,10.13587831602426,0.20028105885137878,10.24992890975548,,,,
eo_post,synthetic,3.0,10.285423416373927,0.5,3,0.5352575376266409,1,0.12874777277284147,10.148763204169054,0.20194683067325572,10.320834588262747,,,,
eo_post,synthetic,3.0,10.285423416373927,1.0,3,0.9956460256564553,1,0.1303390820594936,10.139932385434898,0.20353749243699196,10.53179317521652,,,,
eo_post,synthetic,3.0,10.285423416373927,1.5,3,1.397317948722813,1,0.13193136903184075,10.172743218781845,0.2051519709744539,10.920487747720296,,,,
eo_post,inband,0.333,1.1428248240415473,0.0,4,-0.1144005218051542,1,0.24786516161916464,1.1291418398564554,0.1909195920982713,1.040524858956681,,,,
eo_post,inband,0.333,1.1428248240415473,0.5,4,0.48528681875395374,1,0.2482892746750966,1.1373453742762978,0.19120552451261683,1.060689202941014,,,,
eo_post,inband,0.333,1.1428248240415473,1.0,4,1.0107191357701335,1,0.2487567943955303,1.145332456980471,0.1914981695519779,1.1187994246886903,,,,
eo_post,inband,0.333,1.1428248240415473,1.5,4,1.5116233764221536,1,0.24931663147334554,1.1444924424660456,0.19185488997410644,1.228636075869885,,,,
eo_post,inband,1.0,3.428474472124642,0.0,4,0.01292825060512653,1,0.24792500275837623,3.387425519569367,0.18999884872865108,3.207474945240105,,,,
eo_post,inband,1.0,3.428474472124642,0.5,4,0.5487256833324924,1,0.24909036675422716,3.4120361228288933,0.19075763504763543,3.267599041715532,,,,
eo_post,inband,1.0,3.428474472124642,1.0,4,1.0634957534326173,1,0.2503775466232014,3.435997370941413,0.1915570125807144,3.440830882360876,,,,
eo_post,inband,1.0,3.428474472124642,1.5,4,1.5819684273363397,1,0.2519015732955193,3.4334773273981365,0.1925226698505815,3.768125170604267,,,,
eo_post,inband,3.0,10.285423416373927,0.0,4,0.09772585976966149,1,0.24775705171006573,10.162276558708102,0.18789151534821671,9.632211150816259,,,,
eo_post,inband,3.0,10.285423416373927,0.5,4,0.6181866186156533,1,0.2507738428284009,10.236108368486681,0.18977652548092677,9.809456140931552,,,,
eo_post,inband,3.0,10.285423416373927,1.0,4,1.1402340892308374,1,0.25413177465571934,10.307992112824241,0.1918201956978961,10.319872169110594,,,,
eo_post,inband,3.0,10.285423416373927,1.5,4,1.6737612888604583,1,0.25806785986066755,10.300431982194409,0.19425789660660908,11.283211566734819,,,,
eo_post,pooled,0.333,1.1428248240415473,0.0,4,-0.07597089784668275,1,0.24786503814040647,1.4883614581290108,0.19078892741174794,1.2331349676463814,,,,
eo_post,pooled,0.333,1.1428248240415473,0.5,4,0.739502194524402,1,0.24891551965054015,1.4888506792284761,0.19132389436522318,1.2462200689565828,,,,
eo_post,pooled,0.333,1.1428248240415473,1.0,4,1.4140609323564666,1,0.24998310947727878,1.4883154247788872,0.19185313448014885,1.2832524323477312,,,,
eo_post,pooled,0.333,1.1428248240415473,1.5,4,2.0059576444123937,1,0.25110791177893177,1.4842726649675693,0.19241957270031113,1.3511738150519017,,,,
eo_post,pooled,1.0,3.428474472124642,0.0,4,0.03076542804832728,1,0.24788411877045288,4.465084374387033,0.189681665065851,3.7812707168893236,,,,
eo_post,pooled,1.0,3.428474472124642,0.5,4,0.7834259952256521,1,0.25071769448496994,4.466552037685428,0.1910880084844085,3.82025896324762,,,,
eo_post,pooled,1.0,3.428474472124642,1.0,4,1.4470245528018015,1,0.2535914238025173,4.464946274336663,0.192496693598324,3.9305603970045833,,,,
eo_post,pooled,1.0,3.428474472124642,1.5,4,2.0483314368902077,1,0.2565913571283851,4.452817994902708,0.19399773091739148,4.132806619311073,,,,
eo_post,pooled,3.0,10.285423416373927,0.0,4,0.11975235732727967,1,0.24753852539148966,13.395253123161101,0.18723166926421397,11.319724051350537,,,,
eo_post,pooled,3.0,10.285423416373927,0.5,4,0.8401061117909977,1,0.25454489082332143,13.399656113056286,0.19062259688771377,11.434444335183088,,,,
eo_post,pooled,3.0,10.285423416373927,1.0,4,1.4733379583197033,1,0.2616055056713863,13.394838823009987,0.19404437566780777,11.758692600587255,,,,
eo_post,pooled,3.0,10.285423416373927,1.5,4,2.038588015839314,1,0.2688685308254818,13.358453984708126,0.19765160516337732,12.352838214073712,,,,
eo_post,synthetic,0.333,1.1428248240415473,0.0,4,-0.12075997462732928,1,0.1412392397104129,1.1426905462426724,0.209834032069968,1.1731970319191074,,,,
eo_post,synthetic,0.333,1.1428248240415473,0.5,4,0.3691872753595183,1,0.14143147424131752,1.1410107899420878,0.2100326427647688,1.1794398591938913,,,,
eo_post,synthetic,0.333,1.1428248240415473,1.0,4,0.7785475500513316,1,0.14161541199348893,1.145332456980471,0.21021545230911307,1.2002733227127467,,,,
eo_post,synthetic,0.333,1.1428248240415473,1.5,4,1.1251376664003654,1,0.1417998240748423,1.144026682779702,0.21039828361714552,1.2384074561077083,,,,
eo_post,synthetic,1.0,3.428474472124642,0.0,4,-0.044499105225202555,1,0.14048882043693642,3.4280716387280172,0.20908279415213457,3.502683007951812,,,,
eo_post,synthetic,1.0,3.428474472124642,0.5,4,0.4029499222847584,1,0.14104872466976473,3.423032369826264,0.2096581724920361,3.521303850536126,,,,
eo_post,synthetic,1.0,3.428474472124642,1.0,4,0.825296592116178,1,0.14158703943382747,3.4359973709414136,0.21019296254827674,3.583430014533631,,,,
eo_post,synthetic,1.0,3.428474472124642,1.5,4,1.2124838299492962,1,0.14212737535738906,3.432080048339106,0.21072856045042607,3.697129733140331,,,,
eo_post,synthetic,3.0,10.285423416373927,0.0,4,0.00045066720249600046,1,0.13848634484272998,10.284214916184053,0.20708532008540226,10.40929651011592,,,,
eo_post,synthetic,3.0,10.285423416373927,0.5,4,0.44028897331833644,1,0.14004239041684258,10.269097109478793,0.20866948294276302,10.464237449267902,,,,
eo_post,synthetic,3.0,10.285423416373927,1.0,4,0.8656739529780029,1,0.14155399548086178,10.307992112824243,0.21016982192885947,10.647424673248652,,,,
eo_post,synthetic,3.0,10.285423416373927,1.5,4,1.2645704340205413,1,0.14307573258433726,10.296240145017318,0.21167729297173524,10.982549946489423,,,,
