cond,drive,rho,kappa,lam_true,rep,lam_hat,n_roots,lam_hat_kappa0,shift,beta_vb,analytic_shift,corr_v_lnb,corr_v_lnref,rel_excess
ds003690,synthetic,0.3,0.1,0.0,0,0.040224598051525375,1,-0.03506209762016994,0.07528669567169531,0.5325812898823968,0.053258128988239686,0.1629566956794954,0.3249449505776341,5.675541651211369
ds003690,synthetic,0.3,0.25,0.0,0,0.1740386032896049,1,-0.03506209762016994,0.20910070090977484,0.5610511033032923,0.14026277582582308,0.17195120419496918,0.3249449505776341,5.651364173101097
ds003690,synthetic,0.3,0.5,0.0,0,0.4448604959734479,1,-0.03506209762016994,0.47992259359361783,0.6050886876389553,0.30254434381947765,0.18603593920926095,0.3249449505776341,5.6140434421457
ds003690,synthetic,0.3,0.75,0.0,0,0.7632278961018345,1,-0.03506209762016994,0.7982899937220045,0.6431281454250986,0.4823461090688239,0.19843252289221783,0.3249449505776341,5.579278664979828
ds003690,synthetic,0.3,1.0,0.0,0,1.11852811418453,1,-0.03506209762016994,1.1535902118047,0.6735773737080288,0.6735773737080288,0.20860379707319512,0.3249449505776341,5.541371457262763
ds003690,synthetic,0.3,0.1,1.0,0,0.9066345333939503,1,0.8221993324060195,0.08443520098793078,0.5429794178741149,0.054297941787411486,0.16827305227964254,0.3249449505776341,7.161316436801115
ds003690,synthetic,0.3,0.25,1.0,0,1.0472602177444474,1,0.8221993324060195,0.22506088533842794,0.5716130302655817,0.14290325756639544,0.17756496037622738,0.3249449505776341,7.52782794867754
ds003690,synthetic,0.3,0.5,1.0,0,1.312325873845222,1,0.8221993324060195,0.4901265414392024,0.6165267888782436,0.3082633944391218,0.19238794866495346,0.3249449505776341,8.32860873116648
ds003690,synthetic,0.3,0.75,1.0,0,1.6203627886449636,1,0.8221993324060195,0.7981634562389441,0.6558731666313831,0.4919048749735373,0.2057149440268266,0.3249449505776341,9.402578365614252
ds003690,synthetic,0.3,1.0,1.0,0,2.0048275358571837,1,0.8221993324060195,1.1826282034511642,0.6876932863522639,0.6876932863522639,0.21686251290950448,0.3249449505776341,10.757802070846115
ds003690,synthetic,0.6,0.1,0.0,0,0.08371181938850875,1,-0.03506209762016994,0.11877391700867868,0.9298851463995097,0.09298851463995098,0.2846926331209001,0.61840716659585,5.674770979316539
ds003690,synthetic,0.6,0.25,0.0,0,0.2811377449999339,1,-0.03506209762016994,0.3161998426201038,0.9551577890992727,0.23878944727481818,0.2931807757932592,0.61840716659585,5.650928517023118
ds003690,synthetic,0.6,0.5,0.0,0,0.651773273077301,1,-0.03506209762016994,0.686835370697471,0.9936163053648429,0.49680815268242146,0.3064297094913762,0.61840716659585,5.621891702912434
ds003690,synthetic,0.6,0.75,0.0,0,1.0612191881879978,1,-0.03506209762016994,1.0962812858081676,1.026111779103329,0.7695838343274968,0.3180865731490523,0.61840716659585,5.61558676196433
ds003690,synthetic,0.6,1.0,0.0,0,1.5266010867839428,1,-0.03506209762016994,1.5616631844041127,1.0514553635140875,1.0514553635140875,0.3277173753619253,0.61840716659585,5.645472506386926
ds003690,synthetic,0.6,0.1,1.0,0,0.9592492738272278,1,0.8221993324060195,0.1370499414212083,0.9510690145975533,0.09510690145975534,0.29498980570222477,0.61840716659585,7.270302560248656
ds003690,synthetic,0.6,0.25,1.0,0,1.1763538489356047,1,0.8221993324060195,0.3541545165295852,0.976641468988371,0.24416036724709275,0.3040754559166949,0.61840716659585,7.849222516353077
ds003690,synthetic,0.6,0.5,1.0,0,1.5834529278981377,1,0.8221993324060195,0.7612535954921182,1.0163083281299068,0.5081541640649534,0.31882320327150937,0.61840716659585,9.212345650097012
ds003690,synthetic,0.6,0.75,1.0,0,2.1248517263853612,1,0.8221993324060195,1.3026523939793417,1.0500762551011664,0.7875571913258748,0.3323980655827191,0.61840716659585,11.297078455505709
ds003690,synthetic,0.6,1.0,1.0,0,2.765998332374654,1,0.8221993324060195,1.9437989999686347,1.075887077575735,1.075887077575735,0.34406384651525196,0.61840716659585,14.430927327426287
ds003690,alpha,,0.1,0.0,0,0.06431703287020651,1,-0.03506209762016994,0.09937913049037644,0.7301447669545447,0.07301447669545447,0.22348026706155233,0.15246660568987602,5.705233849992865
ds003690,alpha,,0.25,0.0,0,0.22655339986947629,1,-0.03506209762016994,0.26161549748964624,0.7580219154074483,0.18950547885186209,0.23249113929545928,0.15246660568987602,5.727485693535533
ds003690,alpha,,0.5,0.0,0,0.5173196673492109,1,-0.03506209762016994,0.5523817649693809,0.8009837469868532,0.4004918734934266,0.24654905247360204,0.15246660568987602,5.760073440447539
ds003690,alpha,,0.75,0.0,0,0.8131545274254203,1,-0.03506209762016994,0.8482166250455903,0.8380103890624433,0.6285077917968325,0.2588747681494468,0.15246660568987602,5.768251221482518
ds003690,alpha,,1.0,0.0,0,1.1018129590127537,1,-0.03506209762016994,1.1368750566329235,0.8677213771325847,0.8677213771325847,0.26897629640381543,0.15246660568987602,5.732174276435428
ds003690,alpha,,0.1,1.0,0,0.907674857392119,1,0.8221993324060195,0.08547552498609945,0.7225459135231355,0.07225459135231355,0.22392340058349444,0.15246660568987602,7.027362534468616
ds003690,alpha,,0.25,1.0,0,1.0407187846080275,1,0.8221993324060195,0.21851945220200797,0.7505359766704479,0.18763399416761198,0.23310824160326704,0.15246660568987602,7.1398314195300205
ds003690,alpha,,0.5,1.0,0,1.2674394798092674,1,0.8221993324060195,0.4452401474032479,0.7941157515475722,0.3970578757737861,0.24757063789649314,0.15246660568987602,7.323515401434522
ds003690,alpha,,0.75,1.0,0,1.5014814552566749,1,0.8221993324060195,0.6792821228506554,0.8322167284207254,0.624162546315544,0.2604065753003838,0.15246660568987602,7.4666545352408775
ds003690,alpha,,1.0,1.0,0,1.7627216405972383,1,0.8221993324060195,0.9405223081912188,0.8633356055347959,0.8633356055347959,0.2710697945132598,0.15246660568987602,7.5319211483742
ds003690,synthetic,0.3,0.1,0.0,1,0.11344783416894948,1,0.05981467811401995,0.05363315605492953,0.45939629431683426,0.04593962943168343,0.14061065455910832,0.3068474488723269,5.441452940877748
ds003690,synthetic,0.3,0.25,0.0,1,0.212172769717333,1,0.05981467811401995,0.15235809160331307,0.48707388978869776,0.12176847244717444,0.1492389574738553,0.3068474488723269,5.462339427634956
ds003690,synthetic,0.3,0.5,0.0,1,0.4170391937225572,1,0.05981467811401995,0.35722451560853724,0.5299611061923765,0.26498055309618823,0.1627192513032961,0.3068474488723269,5.49807259791721
ds003690,synthetic,0.3,0.75,0.0,1,0.6576940025433664,1,0.05981467811401995,0.5978793244293464,0.5670021625853228,0.4252516219389921,0.17451313824647535,0.3068474488723269,5.52782655452451
ds003690,synthetic,0.3,1.0,0.0,1,0.9178182861582103,1,0.05981467811401995,0.8580036080441903,0.5965538346954302,0.5965538346954302,0.18408862347840121,0.3068474488723269,5.541587173711589
ds003690,synthetic,0.3,0.1,1.0,1,0.9843132983316136,1,0.9233725124657476,0.06094078586586604,0.4693625840579704,0.04693625840579704,0.1453490545456722,0.3068474488723269,6.764972747768491
ds003690,synthetic,0.3,0.25,1.0,1,1.0845978086819155,1,0.9233725124657476,0.16122529621616788,0.4971439911883024,0.1242859977970756,0.15418886992205968,0.3068474488723269,7.000470348748117
ds003690,synthetic,0.3,0.5,1.0,1,1.2697335022084626,1,0.9233725124657476,0.346360989742715,0.5408316956406645,0.27041584782033223,0.16822032983347485,0.3068474488723269,7.413957917205269
ds003690,synthetic,0.3,0.75,1.0,1,1.4742644611069111,1,0.9233725124657476,0.5508919486411635,0.5792582114449396,0.4344436585837047,0.18073319599242768,0.3068474488723269,7.827591682849533
ds003690,synthetic,0.3,1.0,1.0,1,1.7049340885837523,1,0.9233725124657476,0.7815615761180047,0.6105126312177435,0.6105126312177435,0.19108660189368845,0.3068474488723269,8.199640911893786
ds003690,synthetic,0.6,0.1,0.0,1,0.16068127319348816,1,0.05981467811401995,0.10086659507946821,0.8882284937605582,0.08882284937605583,0.2720378689009218,0.6094361900949842,5.43712988589595
ds003690,synthetic,0.6,0.25,0.0,1,0.3294117718625306,1,0.05981467811401995,0.26959709374851065,0.9126424784744764,0.2281606196186191,0.2800838888766044,0.6094361900949842,5.449007894248932
ds003690,synthetic,0.6,0.5,0.0,1,0.6453224625476135,1,0.05981467811401995,0.5855077844335935,0.9497862208178436,0.4748931104089218,0.29259087138669165,0.6094361900949842,5.462802130794182
ds003690,synthetic,0.6,0.75,0.0,1,0.9861498559304017,1,0.05981467811401995,0.9263351778163817,0.9810663053793346,0.735799729034501,0.3034874984307256,0.6094361900949842,5.46070712822377
ds003690,synthetic,0.6,1.0,0.0,1,1.3465662528397986,1,0.05981467811401995,1.2867515747257787,1.0052951042557439,1.0052951042557439,0.312341574777271,0.6094361900949842,5.4319853308992
ds003690,synthetic,0.6,0.1,1.0,1,1.0383795165833027,1,0.9233725124657476,0.11500700411755516,0.9087855557057462,0.09087855557057462,0.2816780742812848,0.6094361900949842,6.870558984477677
ds003690,synthetic,0.6,0.25,1.0,1,1.2184786120841489,1,0.9233725124657476,0.2951060996184013,0.9337467775892022,0.23343669439730055,0.2903027752210508,0.6094361900949842,7.294723422612098
ds003690,synthetic,0.6,0.5,1.0,1,1.5445837183495814,1,0.9233725124657476,0.6212112058838338,0.9726545998130464,0.4863272999065232,0.3042036273791592,0.6094361900949842,8.126701566787057
ds003690,synthetic,0.6,0.75,1.0,1,1.9350231354009622,1,0.9233725124657476,1.0116506229352145,1.0061692219564522,0.7546269164673391,0.31685518349734987,0.6094361900949842,9.131102896368418
ds003690,synthetic,0.6,1.0,1.0,1,2.401533314538658,1,0.9233725124657476,1.4781608020729102,1.0323771850139665,1.0323771850139665,0.32756825048251853,0.6094361900949842,10.317109228684924
ds003690,alpha,,0.1,0.0,1,0.14462836293856396,1,0.05981467811401995,0.08481368482454402,0.7310421177628217,0.07310421177628217,0.2238724351362342,0.15246660568987602,5.438150653221768
ds003690,alpha,,0.25,0.0,1,0.2839896049940675,1,0.05981467811401995,0.22417492688004756,0.7574705325812565,0.18936763314531413,0.23238509123029322,0.15246660568987602,5.453066598836045
ds003690,alpha,,0.5,0.0,1,0.5371244165407698,1,0.05981467811401995,0.47730973842674984,0.7986078369835498,0.3993039184917749,0.24579372477940492,0.15246660568987602,5.469999513560975
ds003690,alpha,,0.75,0.0,1,0.7991751795522494,1,0.05981467811401995,0.7393605014382294,0.8345204792730042,0.6258903594547531,0.257696501840171,0.15246660568987602,5.458890761661903
ds003690,alpha,,1.0,0.0,1,1.0572547533382997,1,0.05981467811401995,0.9974400752242797,0.8637483477051169,0.8637483477051169,0.26758384063827345,0.15246660568987602,5.398842199374033
ds003690,alpha,,0.1,1.0,1,0.9990256466143645,1,0.9233725124657476,0.07565313414861696,0.7250576307023979,0.0725057630702398,0.22461100141778106,0.15246660568987602,6.693328074071545
ds003690,alpha,,0.25,1.0,1,1.1174132623180248,1,0.9233725124657476,0.19404074985227726,0.7519224240748505,0.18798060601871264,0.2334075051741481,0.15246660568987602,6.821240496129475
ds003690,alpha,,0.5,1.0,1,1.3210624248704907,1,0.9233725124657476,0.39768991240474316,0.7940685074782596,0.3970342537391298,0.24736961113059772,0.15246660568987602,7.04571376574619
ds003690,alpha,,0.75,1.0,1,1.5322156061442425,1,0.9233725124657476,0.6088430936784949,0.8312468466634921,0.623435134997619,0.2598828320287599,0.15246660568987602,7.246153551526406
ds003690,alpha,,1.0,1.0,1,1.7636549397957966,1,0.9233725124657476,0.840282427330049,0.8618838071188892,0.8618838071188892,0.27038280015696686,0.15246660568987602,7.3764738744777025
ds003690,synthetic,0.3,0.1,0.0,2,0.027558172485141027,1,-0.032276311396537416,0.059834483881678446,0.4585236705406201,0.04585236705406201,0.1404268324913801,0.2989529057323685,4.044114414316911
ds003690,synthetic,0.3,0.25,0.0,2,0.1355899232402709,1,-0.032276311396537416,0.1678662346368083,0.4874007001124057,0.12185017502810143,0.14945119463317835,0.2989529057323685,4.038480893715867
ds003690,synthetic,0.3,0.5,0.0,2,0.3617979326880708,1,-0.032276311396537416,0.3940742440846082,0.5321140454196435,0.26605702270982173,0.16353626911053032,0.2989529057323685,4.02545576481848
ds003690,synthetic,0.3,0.75,0.0,2,0.6453932716985702,1,-0.032276311396537416,0.6776695830951076,0.5708898891175165,0.42816741683813736,0.17590288405582952,0.2989529057323685,4.00172450788476
ds003690,synthetic,0.3,1.0,0.0,2,0.9845116081673152,1,-0.032276311396537416,1.0167879195638525,0.6021384181828935,0.6021384181828935,0.18603719857391518,0.2989529057323685,3.961709873189331
ds003690,synthetic,0.3,0.1,1.0,2,0.8908546488067393,1,0.8229177427340701,0.06793690607266911,0.4695675144434819,0.04695675144434819,0.14545693304708246,0.2989529057323685,4.975866456803498
ds003690,synthetic,0.3,0.25,1.0,2,1.0049373936401313,1,0.8229177427340701,0.1820196509060612,0.49870299810270435,0.12467574952567609,0.15471627245057282,0.2989529057323685,5.100316096005585
ds003690,synthetic,0.3,0.5,1.0,2,1.2276838494570905,1,0.8229177427340701,0.4047661067230204,0.5445819877776611,0.27229099388883055,0.16942336314842224,0.2989529057323685,5.310393875096903
ds003690,synthetic,0.3,0.75,1.0,2,1.5032392216780528,1,0.8229177427340701,0.6803214789439826,0.5851415657557616,0.4388561743168212,0.1825987185005716,0.2989529057323685,5.5141670072265985
ds003690,synthetic,0.3,1.0,1.0,2,1.8751465528484568,1,0.8229177427340701,1.0522288101143866,0.6184016200956256,0.6184016200956256,0.1935916289695542,0.2989529057323685,5.69881995751703
ds003690,synthetic,0.6,0.1,0.0,2,0.07673926272653182,1,-0.032276311396537416,0.10901557412306924,0.8740247296744323,0.08740247296744325,0.26784285625648346,0.5988261696013849,4.041639431776462
ds003690,synthetic,0.6,0.25,0.0,2,0.2586687225368141,1,-0.032276311396537416,0.2909450339333515,0.8998342505675307,0.2249585626418827,0.2763481064931348,0.5988261696013849,4.033147319243431
ds003690,synthetic,0.6,0.5,0.0,2,0.6028579488135012,1,-0.032276311396537416,0.6351342602100386,0.939248374774376,0.469624187387188,0.2895880016129722,0.5988261696013849,4.020595046158574
ds003690,synthetic,0.6,0.75,0.0,2,0.9886826937091809,1,-0.032276311396537416,1.0209590051057185,0.9728194723953213,0.7296146042964909,0.3012167480373027,0.5988261696013849,4.010499696947706
ds003690,synthetic,0.6,1.0,0.0,2,1.4259462607078628,1,-0.032276311396537416,1.4582225721044002,0.9993182553860727,0.9993182553860727,0.31081247765464154,0.5988261696013849,4.00968423653368
ds003690,synthetic,0.6,0.1,1.0,2,0.9555801063824715,1,0.8229177427340701,0.13266236364840134,0.8959822394628395,0.08959822394628396,0.2777994864782784,0.5988261696013849,5.067603077859802
ds003690,synthetic,0.6,0.25,1.0,2,1.1677269996672224,1,0.8229177427340701,0.34480925693315223,0.9224744905969433,0.23061862264923583,0.28689802660221697,0.5988261696013849,5.361359400757187
ds003690,synthetic,0.6,0.5,1.0,2,1.5703325144442757,1,0.8229177427340701,0.7474147717102055,0.963964059813911,0.4819820299069555,0.30161293964207003,0.5988261696013849,5.977301279894658
ds003690,synthetic,0.6,0.75,1.0,2,2.079280678076216,1,0.8229177427340701,1.2563629353421457,0.9998972994413097,0.7499229745809822,0.31507174250704784,0.5988261696013849,6.844492990583205
ds003690,synthetic,0.6,1.0,1.0,2,2.585228413851723,1,0.8229177427340701,1.7623106711176528,1.0280128630045973,1.0280128630045973,0.32650903406437276,0.5988261696013849,8.156094870301986
ds003690,alpha,,0.1,0.0,2,0.07065365140766858,1,-0.032276311396537416,0.102929962804206,0.7298062165613343,0.07298062165613343,0.2236224678778057,0.15246660568987602,4.046428940654185
ds003690,alpha,,0.25,0.0,2,0.2397109662177349,1,-0.032276311396537416,0.2719872776142723,0.7568646448722037,0.18921616121805093,0.23236634106761633,0.15246660568987602,4.043023261061687
ds003690,alpha,,0.5,0.0,2,0.5469541580379592,1,-0.032276311396537416,0.5792304694344966,0.7991102102660157,0.39955510513300785,0.24618068053675202,0.15246660568987602,4.03299798428575
ds003690,alpha,,0.75,0.0,2,0.8663821287188366,1,-0.032276311396537416,0.898658440115374,0.836198896745907,0.6271491725594303,0.2585129586328982,0.15246660568987602,4.012546411880277
ds003690,alpha,,1.0,0.0,2,1.1882779971592103,1,-0.032276311396537416,1.2205543085557478,0.8665998625562336,0.8665998625562336,0.2688336098104921,0.15246660568987602,3.9755604991406472
ds003690,alpha,,0.1,1.0,2,0.9165200587450435,1,0.8229177427340701,0.09360231601097335,0.7249414112381857,0.07249414112381856,0.2246588749102315,0.15246660568987602,4.9572504444724785
ds003690,alpha,,0.25,1.0,2,1.062949203850336,1,0.8229177427340701,0.24003146111626594,0.7522365518551056,0.1880591379637764,0.23361358377936683,0.15246660568987602,5.051059847590037
ds003690,alpha,,0.5,1.0,2,1.3174207707451575,1,0.8229177427340701,0.49450302801108736,0.7952988041966292,0.3976494020983146,0.24790132345191074,0.15246660568987602,5.2008083363914
ds003690,alpha,,0.75,1.0,2,1.5925747578997733,1,0.8229177427340701,0.7696570151657032,0.8335728241937765,0.6251796181453324,0.26080237075123014,0.15246660568987602,5.326947767196581
ds003690,alpha,,1.0,1.0,2,1.9217970426698183,1,0.8229177427340701,1.0988792999357482,0.8653180265126973,0.8653180265126973,0.27170878616015276,0.15246660568987602,5.411584763061668
ds003690,synthetic,0.3,0.1,0.0,3,0.061371920513503805,1,0.009782578588698963,0.05158934192480484,0.479674006224023,0.047967400622402304,0.14677139496223376,0.2849773014149298,11.210255315109674
ds003690,synthetic,0.3,0.25,0.0,3,0.1745877889370146,1,0.009782578588698963,0.16480521034831563,0.5112597384489289,0.12781493461223223,0.15661286862825027,0.2849773014149298,11.211083796815082
ds003690,synthetic,0.3,0.5,0.0,3,0.44054568371711655,1,0.009782578588698963,0.4307631051284176,0.5604120596566079,0.28020602982830395,0.172086926148737,0.2849773014149298,11.157032301124401
ds003690,synthetic,0.3,0.75,0.0,3,0.7648689688453784,1,0.009782578588698963,0.7550863902566795,0.6030670170430971,0.4523002627823228,0.18573529532889546,0.2849773014149298,10.988741679985319
ds003690,synthetic,0.3,1.0,0.0,3,1.1069774086901316,1,0.009782578588698963,1.0971948301014327,0.6372825624528634,0.6372825624528634,0.19692123904525544,0.2849773014149298,10.659345833175555
ds003690,synthetic,0.3,0.1,1.0,3,0.8304468298909745,1,0.7593977775568613,0.07104905233411318,0.4925097950455437,0.04925097950455437,0.15229688126431193,0.2849773014149298,12.738247861186188
ds003690,synthetic,0.3,0.25,1.0,3,0.9589826285039693,1,0.7593977775568613,0.19958485094710798,0.5242462844907372,0.1310615711226843,0.16237989593767388,0.2849773014149298,12.954804162640624
ds003690,synthetic,0.3,0.5,1.0,3,1.2132912023271152,1,0.7593977775568613,0.45389342477025385,0.574162729080224,0.287081364540112,0.1784500489653734,0.2849773014149298,13.272954565731231
ds003690,synthetic,0.3,0.75,1.0,3,1.4997390479288903,1,0.7593977775568613,0.740341270372029,0.617928422714592,0.463446317035944,0.19283719278213654,0.2849773014149298,13.497138449087469
ds003690,synthetic,0.3,1.0,1.0,3,1.8210160825297423,1,0.7593977775568613,1.061618304972881,0.6532733513509182,0.6532733513509182,0.20478062888185147,0.2849773014149298,13.581855295408202
ds003690,synthetic,0.6,0.1,0.0,3,0.10043593709107679,1,0.009782578588698963,0.09065335850237782,0.889876889371789,0.0889876889371789,0.2724343328143455,0.590924784792636,11.229227688250548
ds003690,synthetic,0.6,0.25,0.0,3,0.2716023336115595,1,0.009782578588698963,0.26181975502286053,0.9185742077635115,0.22964355194087788,0.2817754403470422,0.590924784792636,11.262866496421285
ds003690,synthetic,0.6,0.5,0.0,3,0.6296689100265889,1,0.009782578588698963,0.61988633143789,0.9624587414017838,0.4812293707008919,0.29639394204527797,0.590924784792636,11.280936439981406
ds003690,synthetic,0.6,0.75,0.0,3,1.0380667780460664,1,0.009782578588698963,1.0282841994573675,0.9996300312241225,0.7497225234180919,0.3092539750516894,0.590924784792636,11.218234413806357
ds003690,synthetic,0.6,1.0,0.0,3,1.4781708978028227,1,0.009782578588698963,1.4683883192141238,1.0285321800203049,1.0285321800203049,0.31981915649309234,0.590924784792636,11.040972169097328
ds003690,synthetic,0.6,0.1,1.0,3,0.8833490866116102,1,0.7593977775568613,0.12395130905474883,0.9153420572551467,0.09153420572551468,0.2832771857586591,0.590924784792636,12.906907779173185
ds003690,synthetic,0.6,0.25,1.0,3,1.087702935819418,1,0.7593977775568613,0.3283051582625566,0.9448233117919289,0.23620582794798223,0.2933013386904483,0.590924784792636,13.401334647232979
ds003690,synthetic,0.6,0.5,1.0,3,1.466307263940902,1,0.7593977775568613,0.7069094863840407,0.9906743413928164,0.4953371706964082,0.3095007952157264,0.590924784792636,14.265820071115742
ds003690,synthetic,0.6,0.75,1.0,3,1.9066926025350486,1,0.7593977775568613,1.1472948249781871,1.029721787918768,0.7722913409390759,0.32422885157599707,0.590924784792636,15.183702633428542
ds003690,synthetic,0.6,1.0,1.0,3,2.3518244293753536,1,0.7593977775568613,1.5924266518184922,1.059555245435122,1.059555245435122,0.3366332485340407,0.590924784792636,16.191583643076648
ds003690,alpha,,0.1,0.0,3,0.12526129655754797,1,0.009782578588698963,0.11547871796884901,0.7296234766201574,0.07296234766201574,0.22341873314248317,0.15246660568987602,11.158599783815315
ds003690,alpha,,0.25,0.0,3,0.3249906399919532,1,0.009782578588698963,0.31520806140325425,0.7585777877124041,0.18964444692810103,0.23279326396442632,0.15246660568987602,11.098967605245392
ds003690,alpha,,0.5,0.0,3,0.7022305011371357,1,0.009782578588698963,0.6924479225484368,0.8035296394558086,0.4017648197279043,0.24756428405610814,0.15246660568987602,10.98462900100064
ds003690,alpha,,0.75,0.0,3,1.0976134262997477,1,0.009782578588698963,1.0878308477110488,0.8424969108279802,0.6318726831209851,0.26064732001395247,0.15246660568987602,10.801973147124396
ds003690,alpha,,1.0,0.0,3,1.5158152249715515,1,0.009782578588698963,1.5060326463828526,0.873823974136847,0.873823974136847,0.27145725765300827,0.15246660568987602,10.50341038887362
ds003690,alpha,,0.1,1.0,3,0.8637081512512426,1,0.7593977775568613,0.10431037369438123,0.7234439128712228,0.07234439128712228,0.22382742770628847,0.15246660568987602,12.47286328963699
ds003690,alpha,,0.25,1.0,3,1.03397918387055,1,0.7593977775568613,0.27458140631368877,0.7528418228819663,0.18821045572049158,0.23347150418238258,0.15246660568987602,12.331259886271981
ds003690,alpha,,0.5,1.0,3,1.336483444800482,1,0.7593977775568613,0.5770856672436208,0.7988456160077898,0.3994228080038949,0.24878301784736956,0.15246660568987602,12.14191174121084
ds003690,alpha,,0.75,1.0,3,1.6695112846836815,1,0.7593977775568613,0.9101135071268202,0.8391466616356124,0.6293599962267092,0.262475755308827,0.15246660568987602,11.94468563101536
ds003690,alpha,,1.0,1.0,3,2.094967771117315,1,0.7593977775568613,1.3355699935604535,0.8719496496070933,0.8719496496070933,0.27390537877187665,0.15246660568987602,11.671970455148697
ds003690,synthetic,0.3,0.1,0.0,4,-0.011932662089437298,1,-0.06787174505707022,0.05593908296763292,0.4275625029612091,0.042756250296120915,0.1309759860720105,0.29946905176613386,4.92623289457708
ds003690,synthetic,0.3,0.25,0.0,4,0.08969173075715499,1,-0.06787174505707022,0.1575634758142252,0.4529483370167271,0.11323708425418177,0.13891341093136697,0.29946905176613386,4.914728113277765
ds003690,synthetic,0.3,0.5,0.0,4,0.3039931674711469,1,-0.06787174505707022,0.37186491252821713,0.49262744638745637,0.24631372319372818,0.15142014837815007,0.29946905176613386,4.900818685946861
ds003690,synthetic,0.3,0.75,0.0,4,0.5697157053911512,1,-0.06787174505707022,0.6375874504482215,0.5273539984280385,0.3955154988210289,0.1625058134439691,0.29946905176613386,4.896318977921849
ds003690,synthetic,0.3,1.0,0.0,4,0.8756831441011683,1,-0.06787174505707022,0.9435548891582386,0.5555393803129625,0.5555393803129625,0.17166319303611985,0.29946905176613386,4.904226039192717
ds003690,synthetic,0.3,0.1,1.0,4,0.8981784738064265,1,0.8417585096678553,0.0564199641385712,0.4366712852101727,0.04366712852101727,0.13534735565985223,0.29946905176613386,6.377261170144405
ds003690,synthetic,0.3,0.25,1.0,4,0.992431940997939,1,0.8417585096678553,0.1506734313300837,0.46235691807118967,0.11558922951779742,0.14351564558879004,0.29946905176613386,6.4486761346102845
ds003690,synthetic,0.3,0.5,1.0,4,1.1736447564444734,1,0.8417585096678553,0.33188624677661815,0.5031974943457098,0.2515987471728549,0.15661159113333536,0.29946905176613386,6.569718136061417
ds003690,synthetic,0.3,0.75,1.0,4,1.3880923671571643,1,0.8417585096678553,0.5463338574893091,0.539677658277544,0.404758243708158,0.16845902925927408,0.29946905176613386,6.693588688032685
ds003690,synthetic,0.3,1.0,1.0,4,1.6516253404762131,1,0.8417585096678553,0.8098668308083579,0.5698776427784115,0.5698776427784115,0.1784322704023818,0.29946905176613386,6.819320453573215
ds003690,synthetic,0.6,0.1,0.0,4,0.03384879510390795,1,-0.06787174505707022,0.10172054016097817,0.8498312678287258,0.08498312678287258,0.2604845344208389,0.604192138450184,4.927157986755994
ds003690,synthetic,0.6,0.25,0.0,4,0.20387418727612375,1,-0.06787174505707022,0.271745932333194,0.8724442836727909,0.21811107091819773,0.2679700402650729,0.604192138450184,4.9172716089669075
ds003690,synthetic,0.6,0.5,0.0,4,0.5276866103491288,1,-0.06787174505707022,0.595558355406199,0.9071805706130597,0.45359028530652984,0.27970056112163727,0.604192138450184,4.9103949083370395
ds003690,synthetic,0.6,0.75,0.0,4,0.8897098630840894,1,-0.06787174505707022,0.9575816081411597,0.9369213147957554,0.7026909860968165,0.2900722715184491,0.604192138450184,4.925284986830181
ds003690,synthetic,0.6,1.0,0.0,4,1.2839734111189418,1,-0.06787174505707022,1.351845156176012,0.9604986668413801,0.9604986668413801,0.2986848029059769,0.604192138450184,4.972919980763526
ds003690,synthetic,0.6,0.1,1.0,4,0.9516939047578007,1,0.8417585096678553,0.10993539508994543,0.8680435418112192,0.08680435418112192,0.2692852997742578,0.604192138450184,6.519327670681876
ds003690,synthetic,0.6,0.25,1.0,4,1.1224111201178653,1,0.8417585096678553,0.28065261045001,0.8913549798017936,0.2228387449504484,0.2773213649357567,0.604192138450184,6.820683461492517
ds003690,synthetic,0.6,0.5,1.0,4,1.4299694528909754,1,0.8417585096678553,0.5882109432231202,0.9282905745380816,0.4641452872690408,0.29042717248330296,0.604192138450184,7.3745694734706255
ds003690,synthetic,0.6,0.75,1.0,4,1.8152267219511036,1,0.8417585096678553,0.9734682122832483,0.960892432130693,0.7206693240980198,0.3025579149160675,0.604192138450184,8.003211936520977
ds003690,synthetic,0.6,1.0,1.0,4,2.4312158707580984,1,0.8417585096678553,1.5894573610902432,0.9871652021450842,0.9871652021450842,0.3130236761785949,0.604192138450184,8.721606112197005
ds003690,alpha,,0.1,0.0,4,0.022789019030190687,1,-0.06787174505707022,0.09066076408726091,0.7292809265560437,0.07292809265560438,0.2234949996997254,0.15246660568987602,4.941618479813096
ds003690,alpha,,0.25,0.0,4,0.16721867854289243,1,-0.06787174505707022,0.23509042359996266,0.7529110216934342,0.18822775542335854,0.2311331587691107,0.15246660568987602,4.946909599566832
ds003690,alpha,,0.5,0.0,4,0.4218541277139614,1,-0.06787174505707022,0.48972587277103163,0.7898384918450326,0.3949192459225163,0.24318386359797597,0.15246660568987602,4.933409359753177
ds003690,alpha,,0.75,0.0,4,0.6815056001104424,1,-0.06787174505707022,0.7493773451675125,0.8223253696912116,0.6167440272684087,0.25392808968563024,0.15246660568987602,4.877406964252817
ds003690,alpha,,1.0,0.0,4,0.9357771435069706,1,-0.06787174505707022,1.0036488885640409,0.8490339175623394,0.8490339175623394,0.2629118501110379,0.15246660568987602,4.764504662842467
ds003690,alpha,,0.1,1.0,4,0.923689416403053,1,0.8417585096678553,0.08193090673519776,0.7216901419393368,0.07216901419393368,0.22377107672615407,0.15246660568987602,6.402223651253277
ds003690,alpha,,0.25,1.0,4,1.0468960316598566,1,0.8417585096678553,0.2051375219920013,0.745408064486122,0.1863520161215305,0.23156818526223455,0.15246660568987602,6.507987783515502
ds003690,alpha,,0.5,1.0,4,1.2489381212425912,1,0.8417585096678553,0.4071796115747359,0.7828458186009339,0.39142290930046697,0.24398308816495606,0.15246660568987602,6.657544634011053
ds003690,alpha,,0.75,1.0,4,1.448772728702563,1,0.8417585096678553,0.6070142190347076,0.8162309051184745,0.6121731788388559,0.2551825711093265,0.15246660568987602,6.740512261288338
ds003690,alpha,,1.0,1.0,4,1.6587402126233652,1,0.8417585096678553,0.81698170295551,0.8441250047636405,0.8441250047636405,0.2646647724952251,0.15246660568987602,6.722436593583619
ec_pre,synthetic,0.3,0.1,0.0,0,0.44885211074460174,1,0.34586592550215334,0.1029861852424484,1.034012524478991,0.1034012524478991,0.1426137830653199,0.29546663173566723,26.252111297767577
ec_pre,synthetic,0.3,0.25,0.0,0,0.7047740275287389,1,0.34586592550215334,0.3589081020265855,1.3574507306303463,0.33936268265758657,0.1888232907259476,0.29546663173566723,26.264744176724356
ec_pre,synthetic,0.3,0.5,0.0,0,1.3313151088244306,1,0.34586592550215334,0.9854491833222773,1.8209048959868572,0.9104524479934286,0.25827076457727527,0.29546663173566723,26.27811379270452
ec_pre,synthetic,0.3,0.75,0.0,0,2.1137936569216276,1,0.34586592550215334,1.7679277314194741,2.1655827893926602,1.6241870920444952,0.3145975993171696,0.29546663173566723,26.266733349826417
ec_pre,synthetic,0.3,1.0,0.0,0,2.985572656684643,1,0.34586592550215334,2.6397067311824896,2.386620214910357,2.386620214910357,0.35571635482354114,0.29546663173566723,26.19946595343315
ec_pre,synthetic,0.3,0.1,1.0,0,1.5714471892486934,1,1.4514765011145212,0.11997068813417222,1.1195651863955647,0.11195651863955647,0.16273668172613492,0.29546663173566723,27.992693102634025
ec_pre,synthetic,0.3,0.25,1.0,0,1.821510446552014,1,1.4514765011145212,0.3700339454374928,1.4109142291948646,0.35272855729871616,0.20701130617716715,0.29546663173566723,28.374110859388157
ec_pre,synthetic,0.3,0.5,1.0,0,2.384009800682097,1,1.4514765011145212,0.9325332995675757,1.8292646003757538,0.9146323001878769,0.2738032322793597,0.29546663173566723,29.00660994854303
ec_pre,synthetic,0.3,0.75,1.0,0,,0,1.4514765011145212,,2.1424166307807297,1.6068124730855473,0.32833351865774896,0.29546663173566723,29.607931797015638
ec_pre,synthetic,0.3,1.0,1.0,0,,0,1.4514765011145212,,2.3455705940589016,2.3455705940589016,0.3684772315615941,0.29546663173566723,30.128009110461946
ec_pre,synthetic,0.6,0.1,0.0,0,0.5329041282595793,1,0.34586592550215334,0.187038202757426,1.9744074394806688,0.19744074394806688,0.27346942232096105,0.598236731591412,26.252060525943925
ec_pre,synthetic,0.6,0.25,0.0,0,0.8993727926263579,1,0.34586592550215334,0.5535068671242046,2.2519901995254146,0.5629975498813536,0.31649469179723994,0.598236731591412,26.26526433490274
ec_pre,synthetic,0.6,0.5,0.0,0,1.6607263307194657,1,0.34586592550215334,1.3148604052173125,2.624564589483892,1.312282294741946,0.3794434711640223,0.598236731591412,26.28310946122275
ec_pre,synthetic,0.6,0.75,0.0,0,2.5254683251500074,1,0.34586592550215334,2.179602399647854,2.8770788253530957,2.157809119014822,0.42889141778559764,0.598236731591412,26.281514301409793
ec_pre,synthetic,0.6,1.0,0.0,0,,0,0.34586592550215334,,3.019366067701789,3.019366067701789,0.4638465184274723,0.598236731591412,26.22879361495088
ec_pre,synthetic,0.6,0.1,1.0,0,1.6791938107035818,1,1.4514765011145212,0.22771730958906056,2.150493967545432,0.21504939675454324,0.31423131417606925,0.598236731591412,28.252901920016885
ec_pre,synthetic,0.6,0.25,1.0,0,2.071719889067331,1,1.4514765011145212,0.62024338795281,2.387093598002252,0.596773399500563,0.3548229362904353,0.598236731591412,29.04261515895689
ec_pre,synthetic,0.6,0.5,1.0,0,2.809323165945529,1,1.4514765011145212,1.3578466648310077,2.6984302319256845,1.3492151159628423,0.41422419571343755,0.598236731591412,30.406104306848373
ec_pre,synthetic,0.6,0.75,1.0,0,,0,1.4514765011145212,,2.9001610395020676,2.1751207796265506,0.4607389868448501,0.598236731591412,31.803127844834773
ec_pre,synthetic,0.6,1.0,1.0,0,,0,1.4514765011145212,,3.0027250792580795,3.0027250792580795,0.49330314982527323,0.598236731591412,33.18054545236798
ec_pre,alpha,,0.1,0.0,0,0.5902899924115729,1,0.34586592550215334,0.24442406690941954,2.5750731801052686,0.2575073180105269,0.35796113788879996,0.15477620896693484,26.241009488117776
ec_pre,alpha,,0.25,0.0,0,1.0123010567066126,1,0.34586592550215334,0.6664351312044593,2.8013085599161713,0.7003271399790428,0.39690124979699365,0.15477620896693484,26.224923887812643
ec_pre,alpha,,0.5,0.0,0,1.7822202044545141,1,0.34586592550215334,1.436354278952361,3.081103852775359,1.5405519263876795,0.4511254901999287,0.15477620896693484,26.110672859319134
ec_pre,alpha,,0.75,0.0,0,2.560022402668827,1,0.34586592550215334,2.2141564771666737,3.2518132107485993,2.4388599080614495,0.4914026506601336,0.15477620896693484,25.817473739306163
ec_pre,alpha,,1.0,0.0,0,,0,0.34586592550215334,,3.3346369258185575,3.3346369258185575,0.5182336999145198,0.15477620896693484,25.289031983837187
ec_pre,alpha,,0.1,1.0,0,1.6490394448565213,1,1.4514765011145212,0.19756294374200012,2.4286058094572205,0.24286058094572205,0.3552662467605739,0.15477620896693484,27.863487354970125
ec_pre,alpha,,0.25,1.0,0,1.9855474781891138,1,1.4514765011145212,0.5340709770745926,2.637678242295752,0.659419560573938,0.39278545915136104,0.15477620896693484,28.036170406821398
ec_pre,alpha,,0.5,1.0,0,2.594872180910266,1,1.4514765011145212,1.1433956797957447,2.902595016081932,1.451297508040966,0.4455751366822281,0.15477620896693484,28.230185575014218
ec_pre,alpha,,0.75,1.0,0,,0,1.4514765011145212,,3.0719397285761794,2.3039547964321345,0.48540285248171,0.15477620896693484,28.225561918229552
ec_pre,alpha,,1.0,1.0,0,,0,1.4514765011145212,,3.1625861904861425,3.1625861904861425,0.5125060362628653,0.15477620896693484,27.955583436052574
ec_pre,synthetic,0.3,0.1,0.0,1,0.4325285629297419,1,0.30896777315161816,0.12356078977812374,1.0409707576255913,0.10409707576255914,0.1445705561140662,0.29509119083078955,24.724663422908073
ec_pre,synthetic,0.3,0.25,0.0,1,0.7328029385700583,1,0.30896777315161816,0.42383516541844013,1.3638727246008728,0.3409681811502182,0.19107670501331558,0.29509119083078955,24.729538704115534
ec_pre,synthetic,0.3,0.5,0.0,1,1.4510799152062182,1,0.30896777315161816,1.1421121420546,1.8250968324413408,0.9125484162206704,0.2608392055933258,0.29509119083078955,24.723019168939874
ec_pre,synthetic,0.3,0.75,0.0,1,2.3084522723052054,1,0.30896777315161816,1.9994844991535872,2.1665793613342617,1.6249345210006962,0.31729607637785706,0.29509119083078955,24.6793976770317
ec_pre,synthetic,0.3,1.0,0.0,1,,0,0.30896777315161816,,2.384271610082861,2.384271610082861,0.3584129186819151,0.29509119083078955,24.570648484389025
ec_pre,synthetic,0.3,0.1,1.0,1,1.636969880613396,1,1.498312843517095,0.13865703709630117,1.1320291259231345,0.11320291259231346,0.1651312578504168,0.29509119083078955,26.28152334555144
ec_pre,synthetic,0.3,0.25,1.0,1,1.9191000552959545,1,1.498312843517095,0.4207872117788596,1.4245197732368342,0.35612994330920855,0.20981173969441677,0.29509119083078955,26.636698884700504
ec_pre,synthetic,0.3,0.5,1.0,1,2.5249900209313227,1,1.498312843517095,1.0266771774142278,1.8428206973145937,0.9214103486572969,0.2771045420253238,0.29509119083078955,27.217271935092693
ec_pre,synthetic,0.3,0.75,1.0,1,,0,1.498312843517095,,2.1535677658744787,1.615175824405859,0.33189251790764035,0.29509119083078955,27.755481093854424
ec_pre,synthetic,0.3,1.0,1.0,1,,0,1.498312843517095,,2.3526335318315033,2.3526335318315033,0.37206877678647177,0.29509119083078955,28.20904445948488
ec_pre,synthetic,0.6,0.1,0.0,1,0.5225652587039983,1,0.30896777315161816,0.21359748555238012,1.9499541319069045,0.19499541319069047,0.271889185970488,0.5980477525864096,24.72351838277268
ec_pre,synthetic,0.6,0.25,0.0,1,0.9405155916842667,1,0.30896777315161816,0.6315478185326485,2.2290687390184307,0.5572671847546077,0.31531236517522143,0.5980477525864096,24.727432058606357
ec_pre,synthetic,0.6,0.5,0.0,1,1.790413554337363,1,0.30896777315161816,1.4814457811857449,2.603690412109996,1.301845206054998,0.3787961494730129,0.5980477525864096,24.72246248807128
ec_pre,synthetic,0.6,0.75,0.0,1,2.693674276959073,1,0.30896777315161816,2.384706503807455,2.8576387440655293,2.143229058049147,0.42864625770840353,0.5980477525864096,24.684888092334255
ec_pre,synthetic,0.6,1.0,0.0,1,,0,0.30896777315161816,,3.0006751577379998,3.0006751577379998,0.46388801957864717,0.5980477525864096,24.58493987005932
ec_pre,synthetic,0.6,0.1,1.0,1,1.7534205946490726,1,1.498312843517095,0.2551077511319777,2.1390619276339815,0.21390619276339817,0.3135913659464684,0.5980477525864096,26.521198957002227
ec_pre,synthetic,0.6,0.25,1.0,1,2.1813836401024815,1,1.498312843517095,0.6830707965853866,2.3781339396194254,0.5945334849048564,0.35462365509918514,0.5980477525864096,27.251172487764453
ec_pre,synthetic,0.6,0.5,1.0,1,2.936027506700394,1,1.498312843517095,1.4377146631832989,2.6922041341042724,1.3461020670521362,0.41462466674847653,0.5980477525864096,28.49719135531803
ec_pre,synthetic,0.6,0.75,1.0,1,,0,1.498312843517095,,2.8946856736050943,2.1710142552038207,0.4615500668349272,0.5980477525864096,29.74801200847825
ec_pre,synthetic,0.6,1.0,1.0,1,,0,1.498312843517095,,2.9960842981135785,2.9960842981135785,0.49432835585668217,0.5980477525864096,30.949665444185698
ec_pre,alpha,,0.1,0.0,1,0.5869665575173384,1,0.30896777315161816,0.27799878436572023,2.568626303130504,0.2568626303130504,0.35935714578204037,0.15477620896693484,24.716758118845604
ec_pre,alpha,,0.25,0.0,1,1.057480383540757,1,0.30896777315161816,0.7485126103891387,2.8015154820990706,0.7003788705247677,0.3992642944366413,0.15477620896693484,24.697923229960256
ec_pre,alpha,,0.5,0.0,1,1.8897152568452784,1,0.30896777315161816,1.5807474836936604,3.090659111694268,1.545329555847134,0.4548682790364744,0.15477620896693484,24.582794317306146
ec_pre,alpha,,0.75,0.0,1,2.707990879686324,1,0.30896777315161816,2.3990231065347056,3.267777860156369,2.450833395117277,0.49614904416317845,0.15477620896693484,24.308592910706626
ec_pre,alpha,,1.0,0.0,1,,0,0.30896777315161816,,3.3537576584011384,3.3537576584011384,0.5235641919229782,0.15477620896693484,23.850325425722605
ec_pre,alpha,,0.1,1.0,1,1.7135819362668072,1,1.498312843517095,0.2152690927497123,2.433386690483387,0.2433386690483387,0.3570374828392351,0.15477620896693484,26.146414877739087
ec_pre,alpha,,0.25,1.0,1,2.073403105797445,1,1.498312843517095,0.57509026228035,2.649757403243546,0.6624393508108865,0.3955677456920348,0.15477620896693484,26.283047197567594
ec_pre,alpha,,0.5,1.0,1,2.708078897544743,1,1.498312843517095,1.209766054027648,2.924620552137481,1.4623102760687405,0.44978826631170193,0.15477620896693484,26.41348284605034
ec_pre,alpha,,0.75,1.0,1,,0,1.498312843517095,,3.1005705090000486,2.3254278817500365,0.49065071410676364,0.15477620896693484,26.351124856972458
ec_pre,alpha,,1.0,1.0,1,,0,1.498312843517095,,3.1944294924671377,3.1944294924671377,0.5183662632408079,0.15477620896693484,26.05202653253627
ec_pre,synthetic,0.3,0.1,0.0,2,0.38850023503403464,1,0.2667292818634301,0.12177095317060455,1.2073122501715072,0.12073122501715072,0.16639490637626592,0.30093935978610314,26.9535480214506
ec_pre,synthetic,0.3,0.25,0.0,2,0.6732667014445678,1,0.2667292818634301,0.4065374195811377,1.534220539541294,0.3835551348853235,0.2137547171251981,0.30093935978610314,26.94667957703233
ec_pre,synthetic,0.3,0.5,0.0,2,1.3322342804759755,1,0.2667292818634301,1.0655049986125453,1.9933860191204964,0.9966930095602482,0.284291047263961,0.30093935978610314,26.928712505508518
ec_pre,synthetic,0.3,0.75,0.0,2,2.1161670431709343,1,0.2667292818634301,1.8494377613075041,2.325019079850851,1.7437643098881384,0.34083218554296135,0.30093935978610314,26.89003415366308
ec_pre,synthetic,0.3,1.0,0.0,2,2.943728341604179,1,0.2667292818634301,2.6769990597407487,2.5294295869321135,2.5294295869321135,0.3815965494210622,0.30093935978610314,26.81104505653478
ec_pre,synthetic,0.3,0.1,1.0,2,1.5316419937505616,1,1.3987658635313645,0.1328761302191972,1.2791502836868487,0.12791502836868487,0.18630863323802713,0.30093935978610314,28.677564294499604
ec_pre,synthetic,0.3,0.25,1.0,2,1.801074530542987,1,1.3987658635313645,0.4023086670116225,1.5713388309232186,0.39283470773080464,0.23156471655846034,0.30093935978610314,29.073252329925904
ec_pre,synthetic,0.3,0.5,1.0,2,2.389641369904074,1,1.3987658635313645,0.9908755063727097,1.9823123497785289,0.9911561748892644,0.29924095516720906,0.30093935978610314,29.74229156181806
ec_pre,synthetic,0.3,0.75,1.0,2,,0,1.3987658635313645,,2.2800822790572832,1.7100617092929624,0.35382039613278127,0.30093935978610314,30.409435330120747
ec_pre,synthetic,0.3,1.0,1.0,2,,0,1.3987658635313645,,2.4642850160594767,2.4642850160594767,0.39343654603912986,0.30093935978610314,31.05068247277166
ec_pre,synthetic,0.6,0.1,0.0,2,0.4700348718423661,1,0.2667292818634301,0.203305589978936,2.096140245034451,0.20961402450344513,0.2901038152416083,0.6009794587896805,26.94875518626304
ec_pre,synthetic,0.6,0.25,0.0,2,0.8585755700112655,1,0.2667292818634301,0.5918462881478355,2.372046619222336,0.593011654805584,0.33384864712512446,0.6009794587896805,26.935045626225374
ec_pre,synthetic,0.6,0.5,0.0,2,1.6419549262897781,1,0.2667292818634301,1.375225644426348,2.734653806084773,1.3673269030423865,0.39740882200580674,0.6009794587896805,26.91124552076193
ec_pre,synthetic,0.6,0.75,0.0,2,2.5085732244356276,1,0.2667292818634301,2.2418439425721974,2.9717846483177386,2.228838486238304,0.4469102389022618,0.6009794587896805,26.88453630895231
ec_pre,synthetic,0.6,1.0,0.0,2,,0,0.2667292818634301,,3.0968042880464437,3.0968042880464437,0.4815770093145806,0.6009794587896805,26.852325873373854
ec_pre,synthetic,0.6,0.1,1.0,2,1.634422202636545,1,1.3987658635313645,0.23565633910518047,2.2613830781779076,0.22613830781779076,0.3310753701431602,0.6009794587896805,28.9339668660944
ec_pre,synthetic,0.6,0.25,1.0,2,2.0381405344630217,1,1.3987658635313645,0.6393746709316572,2.4936068694663893,0.6234017173665973,0.37220799834007395,0.6009794587896805,29.73006811103532
ec_pre,synthetic,0.6,0.5,1.0,2,2.7875891659052585,1,1.3987658635313645,1.388823302373894,2.7914216544440418,1.3957108272220209,0.4319777436059374,0.6009794587896805,31.11682762234111
ec_pre,synthetic,0.6,0.75,1.0,2,,0,1.3987658635313645,,2.974353405652855,2.230765054239641,0.4782793958395018,0.6009794587896805,32.58572757109538
ec_pre,synthetic,0.6,1.0,1.0,2,,0,1.3987658635313645,,3.055842841638491,3.055842841638491,0.5102065949037887,0.6009794587896805,34.15215168013866
ec_pre,alpha,,0.1,0.0,2,0.5080452439449566,1,0.2667292818634301,0.24131596208152656,2.591080732182829,0.2591080732182829,0.35935476075325923,0.15477620896693484,26.9489021780926
ec_pre,alpha,,0.25,0.0,2,0.9281987823187272,1,0.2667292818634301,0.6614695004552971,2.8286011234154946,0.7071502808538737,0.3998726875976221,0.15477620896693484,26.920451013529338
ec_pre,alpha,,0.5,0.0,2,1.7077098552866663,1,0.2667292818634301,1.4409805734232362,3.1210614230976503,1.5605307115488252,0.4562300160043052,0.15477620896693484,26.792013726224837
ec_pre,alpha,,0.75,0.0,2,2.5241606840931827,1,0.2667292818634301,2.2574314022297526,3.2969507007354903,2.472713025551618,0.49791418208794036,0.15477620896693484,26.509733815349144
ec_pre,alpha,,1.0,0.0,2,,0,0.2667292818634301,,3.378976965666371,3.378976965666371,0.5254516216237335,0.15477620896693484,26.039327593367478
ec_pre,alpha,,0.1,1.0,2,1.5864215500818706,1,1.3987658635313645,0.18765568655050613,2.4307984230371913,0.24307984230371915,0.3556974867629149,0.15477620896693484,28.522237191139176
ec_pre,alpha,,0.25,1.0,2,1.915638761743274,1,1.3987658635313645,0.5168728982119095,2.649739345700677,0.6624348364251692,0.39465588537135005,0.15477620896693484,28.667190366031843
ec_pre,alpha,,0.5,1.0,2,2.537795428447962,1,1.3987658635313645,1.1390295649165976,2.9266855095656608,1.4633427547828304,0.44944944173614776,0.15477620896693484,28.827411065639062
ec_pre,alpha,,0.75,1.0,2,,0,1.3987658635313645,,3.10224681145729,2.3266851085929674,0.4906721372678229,0.15477620896693484,28.819945309125643
ec_pre,alpha,,1.0,1.0,2,,0,1.3987658635313645,,3.1941575953777996,3.1941575953777996,0.5185646412724366,0.15477620896693484,28.594932628845637
ec_pre,synthetic,0.3,0.1,0.0,3,0.36077942301854105,1,0.23990979289207032,0.12086963012647073,1.1741719341297794,0.11741719341297795,0.16231687476684103,0.30488437307713084,24.617345058009473
ec_pre,synthetic,0.3,0.25,0.0,3,0.6383417522023703,1,0.23990979289207032,0.3984319593103,1.4930882309333209,0.3732720577333302,0.20845985155716573,0.30488437307713084,24.620907837716224
ec_pre,synthetic,0.3,0.5,0.0,3,1.2839007872021135,1,0.23990979289207032,1.0439909943100432,1.9446705818764958,0.9723352909382479,0.2773843082463256,0.30488437307713084,24.620213574381243
ec_pre,synthetic,0.3,0.75,0.0,3,2.057603576204982,1,0.23990979289207032,1.8176937833129114,2.275865281144915,1.7068989608586862,0.33292750510299796,0.30488437307713084,24.62256721953491
ec_pre,synthetic,0.3,1.0,0.0,3,2.8859259297719837,1,0.23990979289207032,2.6460161368799135,2.485264231186551,2.485264231186551,0.37326162883042596,0.30488437307713084,24.657856390589508
ec_pre,synthetic,0.3,0.1,1.0,3,1.51091290806355,1,1.3746134112539798,0.1362994968095701,1.2501523206458323,0.12501523206458323,0.18225551462674439,0.30488437307713084,26.334338193535086
ec_pre,synthetic,0.3,0.25,1.0,3,1.7816953652860978,1,1.3746134112539798,0.407081954032118,1.5368233942662217,0.38420584856655543,0.22646075847523794,0.30488437307713084,26.730885236822303
ec_pre,synthetic,0.3,0.5,1.0,3,2.3621360814338974,1,1.3746134112539798,0.9875226701799176,1.9438572373441263,0.9719286186720631,0.2927933852053467,0.30488437307713084,27.45620034242283
ec_pre,synthetic,0.3,0.75,1.0,3,,0,1.3746134112539798,,2.2440502127967408,1.6830376595975556,0.34661068004831813,0.30488437307713084,28.353108376474697
ec_pre,synthetic,0.3,1.0,1.0,3,,0,1.3746134112539798,,2.435240199442742,2.435240199442742,0.38597997398846906,0.30488437307713084,29.6185495517585
ec_pre,synthetic,0.6,0.1,0.0,3,0.44166423282154255,1,0.23990979289207032,0.20175443992947223,2.080750591987776,0.20807505919877758,0.2888255888960482,0.6057361512450499,24.615608558444574
ec_pre,synthetic,0.6,0.25,0.0,3,0.8264760791778162,1,0.23990979289207032,0.5865662862857459,2.3518172432185804,0.5879543108046451,0.3316493439428235,0.6057361512450499,24.61894295830276
ec_pre,synthetic,0.6,0.5,0.0,3,1.6054821204321792,1,0.23990979289207032,1.3655723275401088,2.711591993910892,1.355795996955446,0.39401849299259095,0.6057361512450499,24.6271536388477
ec_pre,synthetic,0.6,0.75,0.0,3,2.467426807566164,1,0.23990979289207032,2.2275170146740937,2.9519729067589773,2.213979680069233,0.44279645072716933,0.6057361512450499,24.65363208505744
ec_pre,synthetic,0.6,1.0,0.0,3,,0,0.23990979289207032,,3.0849394530532894,3.0849394530532894,0.4771707477056445,0.6057361512450499,24.73311408443804
ec_pre,synthetic,0.6,0.1,1.0,3,1.6186678632337828,1,1.3746134112539798,0.2440544519798029,2.24767503720982,0.22476750372098203,0.32934803710445226,0.6057361512450499,26.588570276363626
ec_pre,synthetic,0.6,0.25,1.0,3,2.0314422497190785,1,1.3746134112539798,0.6568288384650987,2.4776229655391266,0.6194057413847817,0.36971912302305093,0.6057361512450499,27.385490030010036
ec_pre,synthetic,0.6,0.5,1.0,3,2.782311314290666,1,1.3746134112539798,1.407697903036686,2.7766120135797117,1.3883060067898558,0.42855745594532385,0.6057361512450499,28.830065580569197
ec_pre,synthetic,0.6,0.75,1.0,3,,0,1.3746134112539798,,2.9666108244371374,2.2249581183278533,0.4744102445045182,0.6057361512450499,30.514195211439507
ec_pre,synthetic,0.6,1.0,1.0,3,,0,1.3746134112539798,,3.059626415969519,3.059626415969519,0.5063431471389022,0.6057361512450499,32.64624281892878
ec_pre,alpha,,0.1,0.0,3,0.4891243661110708,1,0.23990979289207032,0.24921457321900048,2.5584050066413373,0.2558405006641337,0.3560198020323508,0.15477620896693484,24.602594959737
ec_pre,alpha,,0.25,0.0,3,0.9173555151381918,1,0.23990979289207032,0.6774457222461214,2.791344832720854,0.6978362081802135,0.39580209113561415,0.15477620896693484,24.57658443066448
ec_pre,alpha,,0.5,0.0,3,1.7021423458143203,1,0.23990979289207032,1.46223255292225,3.0805855889627445,1.5402927944813722,0.4513070757949051,0.15477620896693484,24.470503791478666
ec_pre,alpha,,0.75,0.0,3,2.5177601922220942,1,0.23990979289207032,2.277850399330024,3.2575817447400395,2.4431863085550294,0.4925784996198177,0.15477620896693484,24.251779609012996
ec_pre,alpha,,1.0,0.0,3,,0,0.23990979289207032,,3.343153623539961,3.343153623539961,0.5200377791801879,0.15477620896693484,23.919745189212332
ec_pre,alpha,,0.1,1.0,3,1.5765862652910319,1,1.3746134112539798,0.201972854037052,2.413950937422808,0.24139509374228083,0.353727228077345,0.15477620896693484,26.22739318425155
ec_pre,alpha,,0.25,1.0,3,1.9204987656659118,1,1.3746134112539798,0.545885354411932,2.6289231946533125,0.6572307986633281,0.3920187340226961,0.15477620896693484,26.444962404261055
ec_pre,alpha,,0.5,1.0,3,2.544214430878728,1,1.3746134112539798,1.1696010196247482,2.9024361183202183,1.4512180591601092,0.4460003783834992,0.15477620896693484,26.751451983797338
ec_pre,alpha,,0.75,1.0,3,,0,1.3746134112539798,,3.0778402763653054,2.308380207273979,0.4867763526212017,0.15477620896693484,26.939721904061734
ec_pre,alpha,,1.0,1.0,3,,0,1.3746134112539798,,3.171486549804628,3.171486549804628,0.5144994304157079,0.15477620896693484,26.991423649973086
ec_pre,synthetic,0.3,0.1,0.0,4,0.39212917995331736,1,0.27373671502562696,0.1183924649276904,1.1417203786415324,0.11417203786415325,0.15795102762879262,0.2985084523808543,25.739428184151727
ec_pre,synthetic,0.3,0.25,0.0,4,0.678138921465567,1,0.27373671502562696,0.40440220643994,1.4595668706371008,0.3648917176592752,0.2037148099167581,0.2985084523808543,25.7473976930912
ec_pre,synthetic,0.3,0.5,0.0,4,1.3558966683778086,1,0.27373671502562696,1.0821599533521817,1.9130219840180918,0.9565109920090459,0.27231579031385034,0.2985084523808543,25.758456728826665
ec_pre,synthetic,0.3,0.75,0.0,4,2.1793162128247707,1,0.27373671502562696,1.9055794977991438,2.2488166882624596,1.6866125161968446,0.3278202398105492,0.2985084523808543,25.76584250413572
ec_pre,synthetic,0.3,1.0,0.0,4,,0,0.27373671502562696,,2.4634529246812105,2.4634529246812105,0.3682671095781278,0.2985084523808543,25.772355959550584
ec_pre,synthetic,0.3,0.1,1.0,4,1.5811093985266609,1,1.44611173421412,0.1349976643125408,1.222590323015476,0.12225903230154761,0.1776885157834313,0.2985084523808543,27.384150185809307
ec_pre,synthetic,0.3,0.25,1.0,4,1.8589415543300696,1,1.44611173421412,0.4128298201159495,1.510243755328435,0.37756093883210873,0.22169049217410874,0.2985084523808543,27.780631257769468
ec_pre,synthetic,0.3,0.5,1.0,4,2.474722105617297,1,1.44611173421412,1.028610371403177,1.9202918647328113,0.9601459323664057,0.2878488223299912,0.2985084523808543,28.475411681403326
ec_pre,synthetic,0.3,0.75,1.0,4,,0,1.44611173421412,,2.2238047505744634,1.6678535629308475,0.34160700847894804,0.2985084523808543,29.230790254235306
ec_pre,synthetic,0.3,1.0,1.0,4,,0,1.44611173421412,,2.417628679797747,2.417628679797747,0.38096067290963903,0.2985084523808543,30.07767940927986
ec_pre,synthetic,0.6,0.1,0.0,4,0.48323052700585495,1,0.27373671502562696,0.20949381198022798,2.0451991574586184,0.20451991574586184,0.2840670024424184,0.6007692852292879,25.74136449619378
ec_pre,synthetic,0.6,0.25,0.0,4,0.888702995198382,1,0.27373671502562696,0.6149662801727551,2.3181167478554543,0.5795291869638636,0.32670162078961407,0.6007692852292879,25.755466720083593
ec_pre,synthetic,0.6,0.5,0.0,4,1.7160926349618757,1,0.27373671502562696,1.4423559199362488,2.683751799035461,1.3418758995177305,0.3890939504130596,0.6007692852292879,25.79341790172451
ec_pre,synthetic,0.6,0.75,0.0,4,2.6449428228418226,1,0.27373671502562696,2.3712061078161955,2.9301842800644944,2.1976382100483707,0.4381057950165894,0.6007692852292879,25.86852397091893
ec_pre,synthetic,0.6,1.0,0.0,4,,0,0.27373671502562696,,3.0668248591203855,3.0668248591203855,0.47271388561408123,0.6007692852292879,26.017946886830178
ec_pre,synthetic,0.6,0.1,1.0,4,1.6967371508185223,1,1.44611173421412,0.2506254166044022,2.2243916691508567,0.2224391669150857,0.32491376422991464,0.6007692852292879,27.639635249292
ec_pre,synthetic,0.6,0.25,1.0,4,2.126793397815952,1,1.44611173421412,0.6806816636018318,2.4577181963995933,0.6144295490998983,0.3653319235713516,0.6007692852292879,28.441835261766652
ec_pre,synthetic,0.6,0.5,1.0,4,2.925665059043979,1,1.44611173421412,1.479553324829859,2.7615700272643156,1.3807850136321578,0.42435394937395726,0.6007692852292879,29.88771195003443
ec_pre,synthetic,0.6,0.75,1.0,4,,0,1.44611173421412,,2.9531877337386616,2.214890800303996,0.4703272348903271,0.6007692852292879,31.524210548186016
ec_pre,synthetic,0.6,1.0,1.0,4,,0,1.44611173421412,,3.0437521198084565,3.0437521198084565,0.5021964598827878,0.6007692852292879,33.443984954238964
ec_pre,alpha,,0.1,0.0,4,0.5441800811016068,1,0.27373671502562696,0.2704433660759798,2.570933255271509,0.2570933255271509,0.35824614751869793,0.15477620896693484,25.71168976576613
ec_pre,alpha,,0.25,0.0,4,1.0067454222930847,1,0.27373671502562696,0.7330087072674578,2.798668585573211,0.6996671463933027,0.39727907974094867,0.15477620896693484,25.669779233128793
ec_pre,alpha,,0.5,0.0,4,1.8326752293149347,1,0.27373671502562696,1.5589385142893077,3.0817049949185167,1.5408524974592583,0.4517409856712426,0.15477620896693484,25.536977624901063
ec_pre,alpha,,0.75,0.0,4,2.6368297522123125,1,0.27373671502562696,2.3630930371866854,3.25576222538243,2.4418216690368224,0.49231665962710436,0.15477620896693484,25.282752508890432
ec_pre,alpha,,1.0,0.0,4,,0,0.27373671502562696,,3.3410463119550884,3.3410463119550884,0.5194212976126562,0.15477620896693484,24.89891888243489
ec_pre,alpha,,0.1,1.0,4,1.6585856572152422,1,1.44611173421412,0.2124739230011221,2.436797427300443,0.2436797427300443,0.3561702165072453,0.15477620896693484,27.215856027878477
ec_pre,alpha,,0.25,1.0,4,2.0170434263981565,1,1.44611173421412,0.5709316921840364,2.64817892532615,0.6620447313315375,0.393879716352373,0.15477620896693484,27.34156663018841
ec_pre,alpha,,0.5,1.0,4,2.646898831876809,1,1.44611173421412,1.2007870976626889,2.9165081215290414,1.4582540607645207,0.44698792965101963,0.15477620896693484,27.480523523044628
ec_pre,alpha,,0.75,1.0,4,,0,1.44611173421412,,3.088454381254984,2.316340785941238,0.4871142853519231,0.15477620896693484,27.47493435854864
ec_pre,alpha,,1.0,1.0,4,,0,1.44611173421412,,3.1805029993940677,3.1805029993940677,0.5144487916769387,0.15477620896693484,27.299691678229625
eo_pre,synthetic,0.3,0.1,0.0,0,0.07779958685156424,1,-0.009882348568798964,0.0876819354203632,0.8308671372431597,0.08308671372431597,0.11723289923198034,0.30443639958951463,2.1267870527946107
eo_pre,synthetic,0.3,0.25,0.0,0,0.23107522160067803,1,-0.009882348568798964,0.240957570169477,0.8766490042422227,0.21916225106055567,0.12379107393467649,0.30443639958951463,2.1282381593802047
eo_pre,synthetic,0.3,0.5,0.0,0,0.5373675366622236,1,-0.009882348568798964,0.5472498852310226,0.949853219946383,0.4749266099731915,0.1343293089788277,0.30443639958951463,2.1292081656439996
eo_pre,synthetic,0.3,0.75,0.0,0,0.8973738211864862,1,-0.009882348568798964,0.9072561697552852,1.0167375628890392,0.7625531721667793,0.1440334659151524,0.30443639958951463,2.1270922075297496
eo_pre,synthetic,0.3,1.0,0.0,0,1.301054688403367,1,-0.009882348568798964,1.3109370369721658,1.074409731717956,1.074409731717956,0.152492849003871,0.30443639958951463,2.1195947237953767
eo_pre,synthetic,0.3,0.1,1.0,0,1.0323134612444358,1,0.943671301605759,0.08864215963867683,0.8499706372002275,0.08499706372002275,0.12062070358966154,0.30443639958951463,2.2713387583849087
eo_pre,synthetic,0.3,0.25,1.0,0,1.179238689107174,1,0.943671301605759,0.23556738750141504,0.8973654217186123,0.22434135542965308,0.1274623262868999,0.30443639958951463,2.3058714075449207
eo_pre,synthetic,0.3,0.5,1.0,0,1.4563719821509775,1,0.943671301605759,0.5127006805452186,0.9746317331973497,0.4873158665986749,0.1386728625790749,0.30443639958951463,2.3634055211277145
eo_pre,synthetic,0.3,0.75,1.0,0,1.7686876114389625,1,0.943671301605759,0.8250163098332035,1.046754825610314,0.7850661192077355,0.14922318567834375,0.30443639958951463,2.418778790175979
eo_pre,synthetic,0.3,1.0,1.0,0,2.112438650606092,1,0.943671301605759,1.1687673490003332,1.1100650243978458,1.1100650243978458,0.15859082563436486,0.30443639958951463,2.4684477508178695
eo_pre,synthetic,0.6,0.1,0.0,0,0.16473841997865113,1,-0.009882348568798964,0.1746207685474501,1.6540766095694366,0.16540766095694368,0.23350602535817588,0.6058307728316276,2.126035115737366
eo_pre,synthetic,0.6,0.25,0.0,0,0.44382425134535164,1,-0.009882348568798964,0.4537065999141506,1.6956060995272981,0.42390152488182453,0.23974613426261712,0.6058307728316276,2.126471036924129
eo_pre,synthetic,0.6,0.5,0.0,0,0.9374307672202323,1,-0.009882348568798964,0.9473131157890313,1.7611536795381906,0.8805768397690953,0.24970641957287487,0.6058307728316276,2.126496876514388
eo_pre,synthetic,0.6,0.75,0.0,0,1.442552410430788,1,-0.009882348568798964,1.452434758999587,1.8200526282642253,1.365039471198169,0.25880815037327976,0.6058307728316276,2.1249474758093734
eo_pre,synthetic,0.6,1.0,0.0,0,1.9397152153484347,1,-0.009882348568798964,1.9495975639172336,1.869941491105857,1.869941491105857,0.2666916143087562,0.6058307728316276,2.1199238159512097
eo_pre,synthetic,0.6,0.1,1.0,0,1.1209617537343595,1,0.943671301605759,0.1772904521286005,1.6913895021816736,0.16913895021816738,0.24016997917491073,0.6058307728316276,2.2954158718771853
eo_pre,synthetic,0.6,0.25,1.0,0,1.3927689371183576,1,0.943671301605759,0.4490976355125986,1.7353998233355907,0.4338499558338977,0.24687574943754056,0.6058307728316276,2.36721533966524
eo_pre,synthetic,0.6,0.5,1.0,0,1.851217410916012,1,0.943671301605759,0.907546109310253,1.8073922157364586,0.9036961078682293,0.2579918759046783,0.6058307728316276,2.4898854145828766
eo_pre,synthetic,0.6,0.75,1.0,0,2.305074353481084,1,0.943671301605759,1.3614030518753248,1.8745297289602012,1.4058972967201508,0.2685780576201037,0.6058307728316276,2.613971708662403
eo_pre,synthetic,0.6,1.0,1.0,0,2.744028399893454,1,0.943671301605759,1.800357098287695,1.932941071636391,1.932941071636391,0.278058025111502,0.6058307728316276,2.7354616104680365
eo_pre,alpha,,0.1,0.0,0,0.12537621081325576,1,-0.009882348568798964,0.13525855938205472,1.319182343378929,0.1319182343378929,0.18617899240618946,0.08051990377952914,2.12484908775022
eo_pre,alpha,,0.25,0.0,0,0.3467497384436849,1,-0.009882348568798964,0.35663208701248383,1.3636842544802656,0.3409210636200664,0.1926837510874159,0.08051990377952914,2.124660519650323
eo_pre,alpha,,0.5,0.0,0,0.7549339451642099,1,-0.009882348568798964,0.7648162937330089,1.4363063414337032,0.7181531707168516,0.20337062597827696,0.08051990377952914,2.127416274780756
eo_pre,alpha,,0.75,0.0,0,1.200746932124035,1,-0.009882348568798964,1.2106292806928338,1.504801771937583,1.1286013289531873,0.21355591768055388,0.08051990377952914,2.1344634981080537
eo_pre,alpha,,1.0,0.0,0,1.681579637837534,1,-0.009882348568798964,1.691461986406333,1.5665480889521346,1.5665480889521346,0.2228706902384735,0.08051990377952914,2.1456066214750726
eo_pre,alpha,,0.1,1.0,0,1.0552029814719635,1,0.943671301605759,0.11153167986620449,1.3125952974894546,0.13125952974894547,0.1863049979698876,0.08051990377952914,2.2632179584658445
eo_pre,alpha,,0.25,1.0,0,1.2376992264251052,1,0.943671301605759,0.29402792481934625,1.3579921543644797,0.33949803859111993,0.19297476813338119,0.08051990377952914,2.2852929506120447
eo_pre,alpha,,0.5,1.0,0,1.5743212471253583,1,0.943671301605759,0.6306499455195993,1.4324028356216603,0.7162014178108301,0.2039854689757307,0.08051990377952914,2.322559190581235
eo_pre,alpha,,0.75,1.0,0,1.9431773303057105,1,0.943671301605759,0.9995060286999515,1.5028510593450046,1.1271382945087534,0.21452619176054774,0.08051990377952914,2.360251541894196
eo_pre,alpha,,1.0,1.0,0,2.345650753770428,1,0.943671301605759,1.401979452164669,1.5664755010148093,1.5664755010148093,0.2241912557334058,0.08051990377952914,2.397605004622288
eo_pre,synthetic,0.3,0.1,0.0,1,0.11904003188579972,1,0.03202956203980915,0.08701046984599056,0.8039444603672582,0.08039444603672583,0.11336610700378794,0.31527556552797464,2.282381250315337
eo_pre,synthetic,0.3,0.25,0.0,1,0.27526859869660547,1,0.03202956203980915,0.24323903665679633,0.8492725586442387,0.21231813966105967,0.11987103594038094,0.31527556552797464,2.283647939579921
eo_pre,synthetic,0.3,0.5,0.0,1,0.6029002872041125,1,0.03202956203980915,0.5708707251643034,0.9215659467585661,0.46078297337928303,0.13030814945141383,0.31527556552797464,2.2813424882514126
eo_pre,synthetic,0.3,0.75,0.0,1,1.0142960222303021,1,0.03202956203980915,0.982266460190493,0.9876685472927437,0.7407514104695577,0.13994060518043444,0.31527556552797464,2.272762813744189
eo_pre,synthetic,0.3,1.0,0.0,1,1.5088138326243337,1,0.03202956203980915,1.4767842705845244,1.0450964583444113,1.0450964583444113,0.14841273510864963,0.31527556552797464,2.257322822889354
eo_pre,synthetic,0.3,0.1,1.0,1,1.0644327712047068,1,0.9629631957265161,0.10146957547819069,0.8231083488079087,0.08231083488079088,0.11681791635328115,0.31527556552797464,2.4638788036299544
eo_pre,synthetic,0.3,0.25,1.0,1,1.2347784348388327,1,0.9629631957265161,0.27181523911231653,0.8700042975044114,0.21750107437610286,0.12360912937516161,0.31527556552797464,2.5054721997263463
eo_pre,synthetic,0.3,0.5,1.0,1,1.5649446604325072,1,0.9629631957265161,0.6019814647059911,0.9464624209999821,0.47323121049999106,0.13474911033303213,0.31527556552797464,2.570986857847297
eo_pre,synthetic,0.3,0.75,1.0,1,1.9520520032340727,1,0.9629631957265161,0.9890888075075566,1.01815789150212,0.7636184186265901,0.1452948890653458,0.31527556552797464,2.6305978533150154
eo_pre,synthetic,0.3,1.0,1.0,1,2.3992124262127095,1,0.9629631957265161,1.4362492304861934,1.0818051967004185,1.0818051967004185,0.15477592613784488,0.31527556552797464,2.6831259179616964
eo_pre,synthetic,0.6,0.1,0.0,1,0.20161689634521412,1,0.03202956203980915,0.16958733430540499,1.629246379391037,0.16292463793910372,0.22987126733875246,0.6107870158182807,2.282571843600838
eo_pre,synthetic,0.6,0.25,0.0,1,0.4797699656465612,1,0.03202956203980915,0.44774040360675205,1.6699805432558392,0.4174951358139598,0.23603694247484613,0.6107870158182807,2.284403732286755
eo_pre,synthetic,0.6,0.5,0.0,1,0.9928255782805676,1,0.03202956203980915,0.9607960162407585,1.7340771242188662,0.8670385621094331,0.2458657452637903,0.6107870158182807,2.2841761617007803
eo_pre,synthetic,0.6,0.75,0.0,1,1.5458831316180028,1,0.03202956203980915,1.5138535695781936,1.7916585570488397,1.3437439177866297,0.25486252736164045,0.6107870158182807,2.2793711067853444
eo_pre,synthetic,0.6,1.0,0.0,1,2.1187782452309825,1,0.03202956203980915,2.0867486831911735,1.8407416751134773,1.8407416751134773,0.2627134633923929,0.6107870158182807,2.2692733170749295
eo_pre,synthetic,0.6,0.1,1.0,1,1.147159159326771,1,0.9629631957265161,0.1841959636002548,1.665964744664103,0.16659647446641032,0.2365827931505211,0.6107870158182807,2.490812469246093
eo_pre,synthetic,0.6,0.25,1.0,1,1.4367636113670743,1,0.9629631957265161,0.4738004156405582,1.709191766489816,0.427297941622454,0.24322377512380886,0.6107870158182807,2.5750184007394497
eo_pre,synthetic,0.6,0.5,1.0,1,1.9452073339011362,1,0.9629631957265161,0.9822441381746201,1.779829625771772,0.889914812885886,0.2542377927697108,0.6107870158182807,2.717332872205594
eo_pre,synthetic,0.6,0.75,1.0,1,2.473050961419355,1,0.9629631957265161,1.5100877656928389,1.8458874812854524,1.3844156109640893,0.26477067293338896,0.6107870158182807,2.8602548518590933
eo_pre,synthetic,0.6,1.0,1.0,1,,0,0.9629631957265161,,1.9038856602030099,1.9038856602030099,0.27429250128172683,0.6107870158182807,3.001124363097508
eo_pre,alpha,,0.1,0.0,1,0.17173715308006948,1,0.03202956203980915,0.13970759104026034,1.3208739953931476,0.13208739953931478,0.1863107702321893,0.08051990377952914,2.2786274776577975
eo_pre,alpha,,0.25,0.0,1,0.39827217127058845,1,0.03202956203980915,0.3662426092307793,1.365505855966744,0.341376463991686,0.19286361065739527,0.08051990377952914,2.2765423791646606
eo_pre,alpha,,0.5,0.0,1,0.8166129175751601,1,0.03202956203980915,0.784583355535351,1.438369759654584,0.719184879827292,0.20363983793755389,0.08051990377952914,2.2766084146556556
eo_pre,alpha,,0.75,0.0,1,1.2830241559410722,1,0.03202956203980915,1.250994593901263,1.5071111477042398,1.1303333607781798,0.21392059666074212,0.08051990377952914,2.282445035507711
eo_pre,alpha,,1.0,0.0,1,1.8023714390366745,1,0.03202956203980915,1.7703418769968653,1.5689517594237186,1.5689517594237186,0.2233129070599767,0.08051990377952914,2.295203381974864
eo_pre,alpha,,0.1,1.0,1,1.0834698741239464,1,0.9629631957265161,0.12050667839743023,1.3125869193473725,0.13125869193473724,0.18631377270938312,0.08051990377952914,2.452375118025353
eo_pre,alpha,,0.25,1.0,1,1.28129246271417,1,0.9629631957265161,0.31832926698765385,1.3583534969271838,0.33958837423179594,0.19306391303444637,0.08051990377952914,2.478029053557427
eo_pre,alpha,,0.5,1.0,1,1.6515469394865163,1,0.9629631957265161,0.6885837437600002,1.4334053442239414,0.7167026721119707,0.204221110991958,0.08051990377952914,2.5221296856946087
eo_pre,alpha,,0.75,1.0,1,2.0674617152800288,1,0.9629631957265161,1.1044985195535126,1.504466723217742,1.1283500424133064,0.21491508770300463,0.08051990377952914,2.5687346429080757
eo_pre,alpha,,1.0,1.0,1,2.532732515147649,1,0.9629631957265161,1.569769319421133,1.5684692307221118,1.5684692307221118,0.22470858126633883,0.08051990377952914,2.619210645782735
eo_pre,synthetic,0.3,0.1,0.0,2,0.04353841353442807,1,-0.048632685709676444,0.09217109924410452,0.8235508806863694,0.08235508806863695,0.1161765319925414,0.29641596300796097,2.278670113242024
eo_pre,synthetic,0.3,0.25,0.0,2,0.20622469874375174,1,-0.048632685709676444,0.2548573844534282,0.8703905822546855,0.21759764556367137,0.12289932242834432,0.29641596300796097,2.2758137586871716
eo_pre,synthetic,0.3,0.5,0.0,2,0.5384844547493486,1,-0.048632685709676444,0.5871171404590251,0.9451891157989131,0.47259455789945654,0.13369554896637081,0.29641596300796097,2.2713012785329427
eo_pre,synthetic,0.3,0.75,0.0,2,0.9426509383854521,1,-0.048632685709676444,0.9912836240951286,1.013500450408294,0.7601253378062205,0.1436418489164215,0.29641596300796097,2.269207572902329
eo_pre,synthetic,0.3,1.0,0.0,2,1.4127732176338363,1,-0.048632685709676444,1.4614059033435127,1.072537759516145,1.072537759516145,0.15234179516937238,0.29641596300796097,2.2720913061105437
eo_pre,synthetic,0.3,0.1,1.0,2,1.05236396052315,1,0.9548151796772323,0.09754878084591778,0.8421323488631434,0.08421323488631434,0.11958933436956977,0.29641596300796097,2.4424802181994623
eo_pre,synthetic,0.3,0.25,1.0,2,1.2175800426241703,1,0.9548151796772323,0.262764862946938,0.8905231723997478,0.22263079309993694,0.12659180805568587,0.29641596300796097,2.479948843190792
eo_pre,synthetic,0.3,0.5,1.0,2,1.5417623197368955,1,0.9548151796772323,0.5869471400596632,0.9692912759070349,0.48464563795351745,0.13806047246940406,0.29641596300796097,2.545726062690213
eo_pre,synthetic,0.3,0.75,1.0,2,1.9260877259545568,1,0.9548151796772323,0.9712725462773245,1.0427221178972141,0.7820415884229106,0.1488581858448639,0.29641596300796097,2.619326472492135
eo_pre,synthetic,0.3,1.0,1.0,2,2.367939125042214,1,0.9548151796772323,1.413123945364982,1.1071999912876898,1.1071999912876898,0.1584704482826926,0.29641596300796097,2.7066745988159115
eo_pre,synthetic,0.6,0.1,0.0,2,0.13134113727284788,1,-0.048632685709676444,0.17997382298252432,1.658416640418937,0.1658416640418937,0.234087853248996,0.6003482187730544,2.278317448888952
eo_pre,synthetic,0.6,0.25,0.0,2,0.4211211300094319,1,-0.048632685709676444,0.46975381571910835,1.7005877684060822,0.42514694210152054,0.2404736336685193,0.6003482187730544,2.275272142775615
eo_pre,synthetic,0.6,0.5,0.0,2,0.9457579994084047,1,-0.048632685709676444,0.9943906851180812,1.7670551248321709,0.8835275624160854,0.25065405017035824,0.6003482187730544,2.271501840455124
eo_pre,synthetic,0.6,0.75,0.0,2,1.508314647868472,1,-0.048632685709676444,1.5569473335781483,1.8267476364712913,1.3700607273534686,0.25995910419805135,0.6003482187730544,2.271830058047665
eo_pre,synthetic,0.6,1.0,0.0,2,2.097414762565144,1,-0.048632685709676444,2.1460474482748206,1.877357204239247,1.877357204239247,0.2680440885939927,0.6003482187730544,2.2798667171735847
eo_pre,synthetic,0.6,0.1,1.0,2,1.1439528836377661,1,0.9548151796772323,0.18913770396053387,1.6953332633232487,0.16953332633232487,0.2409088876631796,0.6003482187730544,2.469122752470772
eo_pre,synthetic,0.6,0.25,1.0,2,1.4398138982011188,1,0.9548151796772323,0.48499871852388654,1.7400018511033042,0.43500046277582605,0.2477656678502803,0.6003482187730544,2.5483805817664567
eo_pre,synthetic,0.6,0.5,1.0,2,1.9594651823575278,1,0.9548151796772323,1.0046500026802954,1.8129145471678387,0.9064572735839194,0.25912555700066764,0.6003482187730544,2.688738288891328
eo_pre,synthetic,0.6,0.75,1.0,2,2.5048787355648177,1,0.9548151796772323,1.5500635558875855,1.8806768231889766,1.4105076173917324,0.26994322924097525,0.6003482187730544,2.8436739658629273
eo_pre,synthetic,0.6,1.0,1.0,2,,0,0.9548151796772323,,1.9393387123051373,1.9393387123051373,0.2796392571218261,0.6003482187730544,3.0211484854552073
eo_pre,alpha,,0.1,0.0,2,0.0893110292804016,1,-0.048632685709676444,0.13794371499007804,1.322084946768556,0.1322084946768556,0.18655952028763512,0.08051990377952914,2.2757302905932453
eo_pre,alpha,,0.25,0.0,2,0.30957695946549535,1,-0.048632685709676444,0.3582096451751718,1.3673370691337223,0.3418342672834306,0.1932083906313976,0.08051990377952914,2.2693142116952374
eo_pre,alpha,,0.5,0.0,2,0.7065049407302828,1,-0.048632685709676444,0.7551376264399593,1.4408189557929763,0.7204094778964881,0.20408138475163762,0.08051990377952914,2.260813146519395
eo_pre,alpha,,0.75,0.0,2,1.135172046646386,1,-0.048632685709676444,1.1838047323560623,1.5095588271900298,1.1321691203925224,0.21436055047656288,0.08051990377952914,2.255880365237126
eo_pre,alpha,,1.0,0.0,2,1.594968800520047,1,-0.048632685709676444,1.6436014862297235,1.5708414076722719,1.5708414076722719,0.22365258159310886,0.08051990377952914,2.255120626356122
eo_pre,alpha,,0.1,1.0,2,1.0753880809550336,1,0.9548151796772323,0.12057290127780129,1.3127790448150607,0.13127790448150609,0.18646682941700635,0.08051990377952914,2.427377520029792
eo_pre,alpha,,0.25,1.0,2,1.2685698887905108,1,0.9548151796772323,0.3137547091132785,1.3589360840168336,0.3397340210042084,0.1932829418234551,0.08051990377952914,2.4405579389077983
eo_pre,alpha,,0.5,1.0,2,1.6171341718637746,1,0.9548151796772323,0.6623189921865423,1.4342068718494871,0.7171034359247436,0.20448095475338032,0.08051990377952914,2.4608294570563265
eo_pre,alpha,,0.75,1.0,2,1.9908968924845707,1,0.9548151796772323,1.0360817128073383,1.5048884614744025,1.1286663461058017,0.2151133456261085,0.08051990377952914,2.4803444879095946
eo_pre,alpha,,1.0,1.0,2,2.3869243501128743,1,0.9548151796772323,1.4321091704356421,1.568051049458044,1.568051049458044,0.22475060465349958,0.08051990377952914,2.500980495203539
eo_pre,synthetic,0.3,0.1,0.0,3,0.19005196005789704,1,0.11315912122687542,0.07689283883102162,0.7727261643101043,0.07727261643101044,0.10903971573518642,0.3041717517527405,2.154034731365595
eo_pre,synthetic,0.3,0.25,0.0,3,0.3283032601407403,1,0.11315912122687542,0.21514413891386486,0.8169123672517473,0.20422809181293683,0.11536323133159632,0.3041717517527405,2.1458751509112255
eo_pre,synthetic,0.3,0.5,0.0,3,0.620498458177703,1,0.11315912122687542,0.5073393369508276,0.8873667581408424,0.4436833790704212,0.12548962779758235,0.3041717517527405,2.1328385516588018
eo_pre,synthetic,0.3,0.75,0.0,3,0.9913370440324327,1,0.11315912122687542,0.8781779228055573,0.9515396180306899,0.7136547135230173,0.1347774108079423,0.3041717517527405,2.11814352586532
eo_pre,synthetic,0.3,1.0,0.0,3,1.4354575700161223,1,0.11315912122687542,1.3222984487892468,1.006757191178259,1.006757191178259,0.14284657642131643,0.3041717517527405,2.09832107069174
eo_pre,synthetic,0.3,0.1,1.0,3,1.1083120745736648,1,1.0226440538196193,0.08566802075404545,0.7926190550718449,0.0792619055071845,0.11248329417751113,0.3041717517527405,2.307220024895474
eo_pre,synthetic,0.3,0.25,1.0,3,1.255618721272884,1,1.0226440538196193,0.23297466745326467,0.8382345888233838,0.20955864720584594,0.11905418735254597,0.3041717517527405,2.3363718613392144
eo_pre,synthetic,0.3,0.5,1.0,3,1.5497288913399698,1,1.0226440538196193,0.5270848375203505,0.912354936520555,0.4561774682602775,0.12977954762921562,0.3041717517527405,2.3824658681413036
eo_pre,synthetic,0.3,0.75,1.0,3,1.8995661210900432,1,1.0226440538196193,0.8769220672704239,0.9812604038833016,0.7359453029124762,0.13982331831434455,0.3041717517527405,2.4219660995134173
eo_pre,synthetic,0.3,1.0,1.0,3,2.291241320448387,1,1.0226440538196193,1.2685972666287675,1.0415221652698308,1.0415221652698308,0.1486957663430944,0.3041717517527405,2.4499854860598593
eo_pre,synthetic,0.6,0.1,0.0,3,0.27391176764132014,1,0.11315912122687542,0.1607526464144447,1.606061430466299,0.1606061430466299,0.22674626403871626,0.6035056819180331,2.1550298475526617
eo_pre,synthetic,0.6,0.25,0.0,3,0.535378066151142,1,0.11315912122687542,0.4222189449242666,1.6465052101789242,0.41162630254473104,0.2328083799282032,0.6035056819180331,2.1477595475441342
eo_pre,synthetic,0.6,0.5,0.0,3,1.0173499097598122,1,0.11315912122687542,0.9041907885329368,1.7100826281945576,0.8550413140972788,0.24243041086937603,0.6035056819180331,2.1348644793992992
eo_pre,synthetic,0.6,0.75,0.0,3,1.5390941013746606,1,0.11315912122687542,1.4259349801477852,1.766802528951137,1.3251018967133528,0.2511445687937024,0.6035056819180331,2.1186323917923753
eo_pre,synthetic,0.6,1.0,0.0,3,2.0726111763222588,1,0.11315912122687542,1.9594520550953833,1.8143747652504445,1.8143747652504445,0.25860365961585474,0.6035056819180331,2.0951942900810363
eo_pre,synthetic,0.6,0.1,1.0,3,1.1935626804136534,1,1.0226440538196193,0.17091862659403412,1.6437235199079399,0.164372351990794,0.23339753344873132,0.6035056819180331,2.3332744585897225
eo_pre,synthetic,0.6,0.25,1.0,3,1.46297451129459,1,1.0226440538196193,0.4403304574749707,1.6865717538765694,0.42164293846914236,0.23989032685068348,0.6035056819180331,2.402557651077905
eo_pre,synthetic,0.6,0.5,1.0,3,1.9368808002026638,1,1.0226440538196193,0.9142367463830445,1.7562997932996265,0.8781498966498132,0.25058460576145514,0.6035056819180331,2.5175976973754164
eo_pre,synthetic,0.6,0.75,1.0,3,2.4227120866348315,1,1.0226440538196193,1.4000680328152122,1.8207858925551792,1.3655894194163845,0.2606671486056924,0.6035056819180331,2.6268027273991486
eo_pre,synthetic,0.6,1.0,1.0,3,2.8977210315131345,1,1.0226440538196193,1.8750769776935152,1.8763280687583166,1.8763280687583166,0.2695826945466983,0.6035056819180331,2.7225512209156535
eo_pre,alpha,,0.1,0.0,3,0.23646241954099026,1,0.11315912122687542,0.12330329831411484,1.316555211298487,0.1316555211298487,0.18582972397606254,0.08051990377952914,2.1593442008269945
eo_pre,alpha,,0.25,0.0,3,0.4381511126927128,1,0.11315912122687542,0.32499199146583735,1.3599236005995496,0.3399809001498874,0.19217839399463507,0.08051990377952914,2.1584973901215148
eo_pre,alpha,,0.5,0.0,3,0.8170118529921857,1,0.11315912122687542,0.7038527317653103,1.4308204622549476,0.7154102311274738,0.20262825378109478,0.08051990377952914,2.1579281421614795
eo_pre,alpha,,0.75,0.0,3,1.2522591336706907,1,0.11315912122687542,1.1391000124438153,1.4977377594086583,1.1233033195564937,0.21259729076236922,0.08051990377952914,2.1592297930478956
eo_pre,alpha,,1.0,0.0,3,1.7583166561371388,1,0.11315912122687542,1.6451575349102634,1.557983509596426,1.557983509596426,0.22170542501558183,0.08051990377952914,2.1627200817547028
eo_pre,alpha,,0.1,1.0,3,1.1301907445622097,1,1.0226440538196193,0.10754669074259038,1.3097197813921793,0.13097197813921793,0.18590339703609793,0.08051990377952914,2.3022603256307805
eo_pre,alpha,,0.25,1.0,3,1.3083519511982358,1,1.0226440538196193,0.28570789737861646,1.354078717466053,0.3385196793665132,0.19241759889383242,0.08051990377952914,2.3238375508604827
eo_pre,alpha,,0.5,1.0,3,1.649641604761643,1,1.0226440538196193,0.6269975509420236,1.4268830177092109,0.7134415088546054,0.20318830743985977,0.08051990377952914,2.3588039026419696
eo_pre,alpha,,0.75,1.0,3,2.052249946290566,1,1.0226440538196193,1.0296058924709468,1.4958108753836645,1.1218581565377483,0.21350512058741766,0.08051990377952914,2.3920436510503276
eo_pre,alpha,,1.0,1.0,3,2.532308315422736,1,1.0226440538196193,1.5096642616031166,1.5579260711118508,1.5579260711118508,0.2229516477690237,0.08051990377952914,2.4226298603772904
eo_pre,synthetic,0.3,0.1,0.0,4,0.06409039493072068,1,-0.03466234816404266,0.09875274309476334,0.9303804141900057,0.09303804141900057,0.13138550289519008,0.3057168169020729,2.1074573510475307
eo_pre,synthetic,0.3,0.25,0.0,4,0.23635917110760907,1,-0.03466234816404266,0.27102151927165175,0.9744995941059759,0.24362489852649397,0.13775664103041074,0.3057168169020729,2.1057120646784724
eo_pre,synthetic,0.3,0.5,0.0,4,0.5802299357906725,1,-0.03466234816404266,0.6148922839547152,1.0449059579843636,0.5224529789921818,0.14797494890717872,0.3057168169020729,2.102619940604287
eo_pre,synthetic,0.3,0.75,0.0,4,0.9882424607784849,1,-0.03466234816404266,1.0229048089425274,1.1092027382465646,0.8319020536849234,0.15737809542981776,0.3057168169020729,2.097831363216379
eo_pre,synthetic,0.3,1.0,0.0,4,1.4583150209505784,1,-0.03466234816404266,1.492977369114621,1.1647729611221058,1.1647729611221058,0.16559152916512065,0.3057168169020729,2.088354986877397
eo_pre,synthetic,0.3,0.1,1.0,4,1.0258776057933396,1,0.9246585448858438,0.10121906090749588,0.9488022738007423,0.09488022738007423,0.13475691235854087,0.3057168169020729,2.263045187194706
eo_pre,synthetic,0.3,0.25,1.0,4,1.194009430337799,1,0.9246585448858438,0.2693508854519553,0.9944069506788852,0.2486017376697213,0.1413908400270759,0.3057168169020729,2.293558332188639
eo_pre,synthetic,0.3,0.5,1.0,4,1.5171970597790279,1,0.9246585448858438,0.5925385148931841,1.068679127263304,0.534339563631652,0.15225011170168373,0.3057168169020729,2.3430490737342087
eo_pre,synthetic,0.3,0.75,1.0,4,1.9001402447836906,1,0.9246585448858438,0.9754816998978468,1.1380338005169326,0.8535253503876994,0.16247274097104236,0.3057168169020729,2.3892566328390954
eo_pre,synthetic,0.3,1.0,1.0,4,2.357774838289783,1,0.9246585448858438,1.4331162934039392,1.1990571999805544,1.1990571999805544,0.17157079702205277,0.3057168169020729,2.4287244502006624
eo_pre,synthetic,0.6,0.1,0.0,4,0.14597279693603113,1,-0.03466234816404266,0.18063514510007378,1.7350021323145104,0.17350021323145104,0.24512411531735562,0.6057464124113401,2.107781140970021
eo_pre,synthetic,0.6,0.25,0.0,4,0.436521584728296,1,-0.03466234816404266,0.4711839328923387,1.774943960226123,0.44373599005653075,0.2511967438724556,0.6057464124113401,2.1064181958179113
eo_pre,synthetic,0.6,0.5,0.0,4,0.9551030429990484,1,-0.03466234816404266,0.989765391163091,1.8378645917106362,0.9189322958553181,0.2608636857555924,0.6057464124113401,2.103470005228645
eo_pre,synthetic,0.6,0.75,0.0,4,1.4997505070345498,1,-0.03466234816404266,1.5344128551985925,1.8943789476616133,1.42078421074621,0.2696819604211975,0.6057464124113401,2.098098184241758
eo_pre,synthetic,0.6,1.0,0.0,4,2.0708571113025167,1,-0.03466234816404266,2.105519459466559,1.9423547534056542,1.9423547534056542,0.2773260183565592,0.6057464124113401,2.08774535303313
eo_pre,synthetic,0.6,0.1,1.0,4,1.1091427202254842,1,0.9246585448858438,0.18448417533964045,1.771385041163778,0.1771385041163778,0.2517247052366203,0.6057464124113401,2.2869680617540324
eo_pre,synthetic,0.6,0.25,1.0,4,1.393551801345753,1,0.9246585448858438,0.4688932564599093,1.8135403704007635,0.4533850926001909,0.25822593508594743,0.6057464124113401,2.3541934658142267
eo_pre,synthetic,0.6,0.5,1.0,4,1.8856402157945813,1,0.9246585448858438,0.9609816709087375,1.8824591251554643,0.9412295625777322,0.26898709719302594,0.6057464124113401,2.4663645400612095
eo_pre,synthetic,0.6,0.75,1.0,4,2.4104577202460598,1,0.9246585448858438,1.485799175360216,1.946796987003949,1.4600977402529618,0.27923302814598167,0.6057464124113401,2.5763755646375004
eo_pre,synthetic,0.6,1.0,1.0,4,,0,0.9246585448858438,,2.002890894059533,2.002890894059533,0.2884208166212145,0.6057464124113401,2.680719034036768
eo_pre,alpha,,0.1,0.0,4,0.1125824394608943,1,-0.03466234816404266,0.14724478762493695,1.3191298583925535,0.13191298583925534,0.18630151566752584,0.08051990377952914,2.107474603601098
eo_pre,alpha,,0.25,0.0,4,0.3467441847246561,1,-0.03466234816404266,0.3814065328886988,1.3634171436065234,0.34085428590163086,0.19278548385360705,0.08051990377952914,2.1064693971372175
eo_pre,alpha,,0.5,0.0,4,0.7671669655786443,1,-0.03466234816404266,0.801829313742687,1.436318083439022,0.718159041719511,0.20353060326776148,0.08051990377952914,2.1081483546440114
eo_pre,alpha,,0.75,0.0,4,1.2280957864910544,1,-0.03466234816404266,1.2627581346550971,1.5058185173961733,1.12936388804713,0.2138837730095551,0.08051990377952914,2.1152959561482922
eo_pre,alpha,,1.0,0.0,4,1.7465356692987193,1,-0.03466234816404266,1.781198017462762,1.56896496312291,1.56896496312291,0.2234363709715561,0.08051990377952914,2.128651957468857
eo_pre,alpha,,0.1,1.0,4,1.0397183307490954,1,0.9246585448858438,0.1150597858632516,1.3113580689237052,0.13113580689237053,0.18625771654479112,0.08051990377952914,2.252826851459142
eo_pre,alpha,,0.25,1.0,4,1.2258713347020551,1,0.9246585448858438,0.30121278981621136,1.3567599120289071,0.3391899780072268,0.19293777092438477,0.08051990377952914,2.2684040423682217
eo_pre,alpha,,0.5,1.0,4,1.5688805750143753,1,0.9246585448858438,0.6442220301285315,1.431789133377443,0.7158945666887215,0.20405541716673467,0.08051990377952914,2.2954850307272054
eo_pre,alpha,,0.75,1.0,4,1.953947174533455,1,0.9246585448858438,1.0292886296476111,1.503557886986454,1.1276684152398406,0.2148091157740319,0.08051990377952914,2.3250949938335475
eo_pre,alpha,,1.0,1.0,4,2.392224523096698,1,0.9246585448858438,1.4675659782108543,1.5688679658006897,1.5688679658006897,0.22475201747355958,0.08051990377952914,2.3580203448661843
ec_post,synthetic,0.3,0.1,0.0,0,0.23133678614599568,1,0.12966684665101147,0.10166993949498421,0.9269046922769073,0.09269046922769074,0.167808006551117,0.2986459655611347,26.277615803342673
ec_post,synthetic,0.3,0.25,0.0,0,0.4473449571114981,1,0.12966684665101147,0.3176781104604866,1.123799901780559,0.2809499754451398,0.20513931269228597,0.2986459655611347,26.26513345079926
ec_post,synthetic,0.3,0.5,0.0,0,0.945116035763834,1,0.12966684665101147,0.8154491891128225,1.4075116066626596,0.7037558033313298,0.2614185899621311,0.2986459655611347,26.24656910517435
ec_post,synthetic,0.3,0.75,0.0,0,1.57883663149447,1,0.12966684665101147,1.4491697848434586,1.622927078374277,1.217195308780708,0.30754705533410387,0.2986459655611347,26.220255943070686
ec_post,synthetic,0.3,1.0,0.0,0,2.308559810822896,1,0.12966684665101147,2.178892964171885,1.7668406025881895,1.7668406025881895,0.34185555388454864,0.2986459655611347,26.15765485053585
ec_post,synthetic,0.3,0.1,1.0,0,1.2975226166192915,1,1.1889999443704589,0.10852267224883261,0.9632110794856317,0.09632110794856318,0.18369100253074558,0.2986459655611347,28.215448991750698
ec_post,synthetic,0.3,0.25,1.0,0,1.5103026409694347,1,1.1889999443704589,0.3213026965989758,1.1420204732990251,0.2855051183247563,0.2196008298902899,0.2986459655611347,28.625525964939
ec_post,synthetic,0.3,0.5,1.0,0,1.9764476548182661,1,1.1889999443704589,0.7874477104478073,1.4021973122537004,0.7010986561268502,0.2741575929708286,0.2986459655611347,29.329543569730948
ec_post,synthetic,0.3,0.75,1.0,0,2.5474814581281566,1,1.1889999443704589,1.3584815137576978,1.6030065587919982,1.2022549190939986,0.3193851321148561,0.2986459655611347,30.04301879087574
ec_post,synthetic,0.3,1.0,1.0,0,,0,1.1889999443704589,,1.7402185137767037,1.7402185137767037,0.35347008296891214,0.2986459655611347,30.725381532760213
ec_post,synthetic,0.6,0.1,0.0,0,0.2991437065271568,1,0.12966684665101147,0.16947685987614536,1.6683237413551022,0.16683237413551022,0.30318932435732404,0.6006817812633064,26.275186929852712
ec_post,synthetic,0.6,0.25,0.0,0,0.6067470796971811,1,0.12966684665101147,0.47708023304616964,1.831624054717696,0.457906013679424,0.3374405194441516,0.6006817812633064,26.259097680533
ec_post,synthetic,0.6,0.5,0.0,0,1.231374203609857,1,0.12966684665101147,1.1017073569588454,2.0535837421719414,1.0267918710859707,0.38794272359459675,0.6006817812633064,26.237868503594257
ec_post,synthetic,0.6,0.75,0.0,0,1.9553924240379126,1,0.12966684665101147,1.8257255773869012,2.209168660572204,1.656876495429153,0.4283107034596973,0.6006817812633064,26.222833007849488
ec_post,synthetic,0.6,1.0,0.0,0,2.7205839769632822,1,0.12966684665101147,2.590917130312271,2.3028275832077822,2.3028275832077822,0.45764661397489165,0.6006817812633064,26.203048021202967
ec_post,synthetic,0.6,0.1,1.0,0,1.3827368266962847,1,1.1889999443704589,0.19373688232582587,1.7594739096440088,0.1759473909644009,0.3369683343855973,0.6006817812633064,28.50398919450274
ec_post,synthetic,0.6,0.25,1.0,0,1.7090890019981884,1,1.1889999443704589,0.5200890576277295,1.9023892235296886,0.47559730588242216,0.3696694736783691,0.6006817812633064,29.36366602013395
ec_post,synthetic,0.6,0.5,1.0,0,2.3180066464820874,1,1.1889999443704589,1.1290067021116286,2.096117050505819,1.0480585252529095,0.4182382964378127,0.6006817812633064,30.870491774998364
ec_post,synthetic,0.6,0.75,1.0,0,2.9628680502572777,1,1.1889999443704589,1.7738681058868189,2.2295784284235705,1.6721838213176778,0.4572796512407638,0.6006817812633064,32.47195611996027
ec_post,synthetic,0.6,1.0,1.0,0,,0,1.1889999443704589,,2.3059405164734312,2.3059405164734312,0.48564247149745365,0.6006817812633064,34.152536261607516
ec_post,alpha,,0.1,0.0,0,0.30292130795705435,1,0.12966684665101147,0.17325446130604288,1.8046243523836583,0.18046243523836583,0.3281822450978911,0.1674318709547505,26.28221810888868
ec_post,alpha,,0.25,0.0,0,0.5971846986357717,1,0.12966684665101147,0.46751785198476026,1.958184490915333,0.48954612272883324,0.36117680657156426,0.1674318709547505,26.25479976370029
ec_post,alpha,,0.5,0.0,0,1.1450370519617536,1,0.12966684665101147,1.015370205310742,2.157879484637838,1.078939742318919,0.40782764239471514,0.1674318709547505,26.09588140308545
ec_post,alpha,,0.75,0.0,0,1.7354558847350117,1,0.12966684665101147,1.605789038084,2.290361910266294,1.7177714326997207,0.4431368590135092,0.1674318709547505,25.71375562105495
ec_post,alpha,,1.0,0.0,0,2.3468260373406937,1,0.12966684665101147,2.2171591906896824,2.3644536478092473,2.3644536478092473,0.4670723355948515,0.1674318709547505,25.04044711092745
ec_post,alpha,,0.1,1.0,0,1.3334324965100381,1,1.1889999443704589,0.14443255213957928,1.6992141674829995,0.16992141674829997,0.3251667357704209,0.1674318709547505,28.046668938112354
ec_post,alpha,,0.25,1.0,0,1.5785132654051703,1,1.1889999443704589,0.3895133210347115,1.8406680874479124,0.4601670218619781,0.3567224426915393,0.1674318709547505,28.16406593312747
ec_post,alpha,,0.5,1.0,0,2.0325283615034544,1,1.1889999443704589,0.8435284171329955,2.0301014764565246,1.0150507382282623,0.4019665527339871,0.1674318709547505,28.216132458383086
ec_post,alpha,,0.75,1.0,0,2.511582875665511,1,1.1889999443704589,1.3225829312950521,2.162360840597122,1.6217706304478416,0.4369174260035764,0.1674318709547505,27.999919218165086
ec_post,alpha,,1.0,1.0,0,2.994502156798155,1,1.1889999443704589,1.8055022124276963,2.243224091600372,2.243224091600372,0.4612560108148188,0.1674318709547505,27.440336553547535
ec_post,synthetic,0.3,0.1,0.0,1,0.25323433292896075,1,0.15909987633219025,0.0941344565967705,0.9283892304706571,0.09283892304706572,0.1680347150809391,0.3039203908658385,25.338809652419076
ec_post,synthetic,0.3,0.25,0.0,1,0.45756181983397354,1,0.15909987633219025,0.2984619435017833,1.1222934964134796,0.2805733741033699,0.20467795606398215,0.3039203908658385,25.340716630039573
ec_post,synthetic,0.3,0.5,0.0,1,0.9397616729120875,1,0.15909987633219025,0.7806617965798972,1.4029539340902306,0.7014769670451153,0.2600240802896897,0.3039203908658385,25.350515500059064
ec_post,synthetic,0.3,0.75,0.0,1,1.5728732900181628,1,0.15909987633219025,1.4137734136859725,1.6171769721343356,1.2128827291007518,0.30545353075620096,0.3039203908658385,25.352211136576457
ec_post,synthetic,0.3,1.0,0.0,1,2.3199926310812113,1,0.15909987633219025,2.160892754749021,1.7607844525678564,1.7607844525678564,0.3392250023650084,0.3039203908658385,25.317631116642143
ec_post,synthetic,0.3,0.1,1.0,1,1.3406182189388078,1,1.2359076075993378,0.10471061133947002,0.9665509321879192,0.09665509321879193,0.1839807629148354,0.3039203908658385,27.214297398944602
ec_post,synthetic,0.3,0.25,1.0,1,1.5529772516235258,1,1.2359076075993378,0.317069644024188,1.1440781965779387,0.2860195491444847,0.21943598716713095,0.3039203908658385,27.604227158102656
ec_post,synthetic,0.3,0.5,1.0,1,2.0324826922242947,1,1.2359076075993378,0.7965750846249569,1.403215227995687,0.7016076139978435,0.27336448964463617,0.3039203908658385,28.28314369989775
ec_post,synthetic,0.3,0.75,1.0,1,2.621974357061455,1,1.2359076075993378,1.386066749462117,1.6037623562679526,1.2028217672009645,0.31807745242096575,0.3039203908658385,28.97946374683852
ec_post,synthetic,0.3,1.0,1.0,1,,0,1.2359076075993378,,1.7407921132271953,1.7407921132271953,0.35170383199006355,0.3039203908658385,29.6616282056968
ec_post,synthetic,0.6,0.1,0.0,1,0.32444409084404374,1,0.15909987633219025,0.1653442145118535,1.6727845028103703,0.16727845028103705,0.30389444163717366,0.6053144397685954,25.341469438746394
ec_post,synthetic,0.6,0.25,0.0,1,0.6248133789990001,1,0.15909987633219025,0.4657135026668099,1.8344233979342943,0.4586058494835736,0.337560673553723,0.6053144397685954,25.3443930849303
ec_post,synthetic,0.6,0.5,0.0,1,1.244403040935675,1,0.15909987633219025,1.0853031646034847,2.0558228182209235,1.0279114091104617,0.3873425794863749,0.6053144397685954,25.351043718659255
ec_post,synthetic,0.6,0.75,0.0,1,1.9840754425484566,1,0.15909987633219025,1.8249755662162663,2.2123664112671957,1.6592748084503968,0.4272035622544635,0.6053144397685954,25.34952963650424
ec_post,synthetic,0.6,1.0,0.0,1,2.7731947588463037,1,0.15909987633219025,2.6140948825141135,2.3070942148267197,2.3070942148267197,0.45611435513932025,0.6053144397685954,25.31981422780909
ec_post,synthetic,0.6,0.1,1.0,1,1.4301037732130768,1,1.2359076075993378,0.19419616561373898,1.7648281475552812,0.17648281475552813,0.33730192223349176,0.6053144397685954,27.495301362523907
ec_post,synthetic,0.6,0.25,1.0,1,1.764748072282911,1,1.2359076075993378,0.5288404646835732,1.908189301741108,0.477047325435277,0.36970227411813994,0.6053144397685954,28.320633671355857
ec_post,synthetic,0.6,0.5,1.0,1,2.4050187740940974,1,1.2359076075993378,1.1691111664947595,2.103763635608728,1.051881817804364,0.4179318472234779,0.6053144397685954,29.769080073923213
ec_post,synthetic,0.6,0.75,1.0,1,,0,1.2359076075993378,,2.2393469073539856,1.6795101805154893,0.45672532501205554,0.6053144397685954,31.299405405754683
ec_post,synthetic,0.6,1.0,1.0,1,,0,1.2359076075993378,,2.317160344834198,2.317160344834198,0.484825083160692,0.6053144397685954,32.88798009016956
ec_post,alpha,,0.1,0.0,1,0.3330243709874038,1,0.15909987633219025,0.17392449465521354,1.8075531387652963,0.18075531387652966,0.3286338555990336,0.1674318709547505,25.337335989116518
ec_post,alpha,,0.25,0.0,1,0.6309799822921547,1,0.15909987633219025,0.47188010595996444,1.9587439147352317,0.4896859786838079,0.36095855470890537,0.1674318709547505,25.314732159349713
ec_post,alpha,,0.5,0.0,1,1.1919453967645197,1,0.15909987633219025,1.0328455204323295,2.1557842026576695,1.0778921013288347,0.4066024612750723,0.1674318709547505,25.165922263692956
ec_post,alpha,,0.75,0.0,1,1.805103041419868,1,0.15909987633219025,1.6460031650876779,2.287014482867185,1.7152608621503886,0.44108721368692144,0.1674318709547505,24.791045741575587
ec_post,alpha,,1.0,0.0,1,2.4534821377182574,1,0.15909987633219025,2.294382261386067,2.3609442100447757,2.3609442100447757,0.46441597523124717,0.1674318709547505,24.120308501827424
ec_post,alpha,,0.1,1.0,1,1.3893315427967001,1,1.2359076075993378,0.1534239351973623,1.704549697122321,0.17045496971223212,0.32560957009455727,0.1674318709547505,27.05759911969129
ec_post,alpha,,0.25,1.0,1,1.6544971013596934,1,1.2359076075993378,0.4185894937603556,1.8446790169657494,0.46116975424143736,0.3566803977903333,0.1674318709547505,27.176890338500474
ec_post,alpha,,0.5,1.0,1,2.1591234548965046,1,1.2359076075993378,0.9232158472971668,2.0324320006178405,1.0162160003089202,0.4011398395871005,0.1674318709547505,27.245423332056582
ec_post,alpha,,0.75,1.0,1,2.7113645809355327,1,1.2359076075993378,1.4754569733361949,2.1637531419064926,1.6228148564298694,0.43539546739060125,0.1674318709547505,27.05306737291793
ec_post,alpha,,1.0,1.0,1,,0,1.2359076075993378,,2.2444408636065214,2.2444408636065214,0.4591920941115376,0.1674318709547505,26.521175516114816
ec_post,synthetic,0.3,0.1,0.0,2,0.23573595034401404,1,0.1470550614408072,0.08868088890320683,0.8800263157389044,0.08800263157389045,0.15965280160963483,0.3019911476166883,27.342748916750924
ec_post,synthetic,0.3,0.25,0.0,2,0.4348967964283007,1,0.1470550614408072,0.2878417349874935,1.079942414150113,0.26998560353752826,0.19753848547683364,0.3019911476166883,27.31370202397185
ec_post,synthetic,0.3,0.5,0.0,2,0.9183804727155196,1,0.1470550614408072,0.7713254112747123,1.3690284276952254,0.6845142138476127,0.2547696658522188,0.3019911476166883,27.252584890053
ec_post,synthetic,0.3,0.75,0.0,2,1.564352456475877,1,0.1470550614408072,1.4172973950350698,1.5894360632594065,1.1920770474445548,0.30176528597888574,0.3019911476166883,27.162611844636526
ec_post,synthetic,0.3,1.0,0.0,2,2.3392292080533896,1,0.1470550614408072,2.1921741466125826,1.7371728271552211,1.7371728271552211,0.3367429845760603,0.3019911476166883,27.019615722036864
ec_post,synthetic,0.3,0.1,1.0,2,1.3191959893508465,1,1.2162276014003925,0.10296838795045393,0.9250352537122297,0.09250352537122297,0.17685405896329728,0.3019911476166883,29.4756528296847
ec_post,synthetic,0.3,0.25,1.0,2,1.527545061289573,1,1.2162276014003925,0.31131745988918036,1.1066465692584806,0.27666164231462015,0.21332687958819818,0.3019911476166883,29.838963363336376
ec_post,synthetic,0.3,0.5,1.0,2,2.003701683378636,1,1.2162276014003925,0.7874740819782433,1.3714697571000303,0.6857348785500151,0.2687948554970428,0.3019911476166883,30.435156776847737
ec_post,synthetic,0.3,0.75,1.0,2,2.6096200149127253,1,1.2162276014003925,1.3933924135123328,1.5762285050202078,1.182171378765156,0.31478873198197355,0.3019911476166883,31.000461316100957
ec_post,synthetic,0.3,1.0,1.0,2,,0,1.2162276014003925,,1.7161618061405306,1.7161618061405306,0.34940782688498195,0.3019911476166883,31.502975975311276
ec_post,synthetic,0.6,0.1,0.0,2,0.3076570556316494,1,0.1470550614408072,0.1606019941908422,1.6302423159901025,0.16302423159901025,0.29688223038233225,0.6039078108181741,27.344435795041253
ec_post,synthetic,0.6,0.25,0.0,2,0.6037668005669333,1,0.1470550614408072,0.4567117391261261,1.7970158527554951,0.4492539631888738,0.3317315189962739,0.6039078108181741,27.31382158534397
ec_post,synthetic,0.6,0.5,0.0,2,1.220368898572696,1,0.1470550614408072,1.0733138371318887,2.0245142813136443,1.0122571406568222,0.38315867091197525,0.6039078108181741,27.237591954246362
ec_post,synthetic,0.6,0.75,0.0,2,1.9614414311320625,1,0.1470550614408072,1.8143863696912552,2.184605798869116,1.638454349151837,0.42424967562324195,0.6039078108181741,27.11511813977983
ec_post,synthetic,0.6,1.0,0.0,2,2.7798519270515802,1,0.1470550614408072,2.632796865610773,2.281235616723622,2.281235616723622,0.4540246193816016,0.6039078108181741,26.92153180470515
ec_post,synthetic,0.6,0.1,1.0,2,1.4071228773236006,1,1.2162276014003925,0.1908952759232081,1.728687869305996,0.1728687869305996,0.3319060456531006,0.6039078108181741,29.791857140773974
ec_post,synthetic,0.6,0.25,1.0,2,1.7338936584605125,1,1.2162276014003925,0.5176660570601199,1.8745722003877576,0.4686430500969394,0.36516343922575784,0.6039078108181741,30.63674308199503
ec_post,synthetic,0.6,0.5,1.0,2,2.358883954580999,1,1.2162276014003925,1.1426563531806067,2.0728134738425767,1.0364067369212884,0.41453613810202894,0.6039078108181741,32.049389638456724
ec_post,synthetic,0.6,0.75,1.0,2,,0,1.2162276014003925,,2.209831867449208,1.657373900586906,0.45414937593762983,0.6039078108181741,33.43811286417492
ec_post,synthetic,0.6,1.0,1.0,2,,0,1.2162276014003925,,2.288635200464779,2.288635200464779,0.48281753600406135,0.6039078108181741,34.756739826607166
ec_post,alpha,,0.1,0.0,2,0.32633943304802704,1,0.1470550614408072,0.17928437160721983,1.8061146408225142,0.18061146408225143,0.32919501871841805,0.1674318709547505,27.35411677898215
ec_post,alpha,,0.25,0.0,2,0.6250548078794833,1,0.1470550614408072,0.4779997464386761,1.9599026663317438,0.48997566658293595,0.36238265048204377,0.1674318709547505,27.32355683584354
ec_post,alpha,,0.5,0.0,2,1.166796333437164,1,0.1470550614408072,1.0197412719963568,2.1594219634798244,1.0797109817399122,0.40916836404508994,0.1674318709547505,27.14617219718907
ec_post,alpha,,0.75,0.0,2,1.7320605240340878,1,0.1470550614408072,1.5850054625932806,2.291903641676689,1.7189277312575169,0.4444944633273224,0.1674318709547505,26.714649330204285
ec_post,alpha,,1.0,0.0,2,2.2999096013427742,1,0.1470550614408072,2.152854539901967,2.366688328358571,2.366688328358571,0.4684307037265522,0.1674318709547505,25.948139491097088
ec_post,alpha,,0.1,1.0,2,1.3634681800216932,1,1.2162276014003925,0.1472405786213007,1.7007534661518773,0.17007534661518775,0.3263395801695072,0.1674318709547505,29.333079377487604
ec_post,alpha,,0.25,1.0,2,1.609500407333676,1,1.2162276014003925,0.3932728059332835,1.842560818164409,0.46064020454110227,0.35812615299767137,0.1674318709547505,29.4488094081797
ec_post,alpha,,0.5,1.0,2,2.0543824675037765,1,1.2162276014003925,0.838154866103384,2.031929189324183,1.0159645946620914,0.4035513331065521,0.1674318709547505,29.475083547150888
ec_post,alpha,,0.75,1.0,2,2.5094729674111735,1,1.2162276014003925,1.293245366010781,2.1641329668860054,1.623099725164504,0.4385466188460842,0.1674318709547505,29.18648542419656
ec_post,alpha,,1.0,1.0,2,2.9570781066585945,1,1.2162276014003925,1.740850505258202,2.245511555227307,2.245511555227307,0.4628965121568372,0.1674318709547505,28.494033071626202
ec_post,synthetic,0.3,0.1,0.0,3,0.2523738283537995,1,0.17509992204505087,0.07727390630874864,0.8170148376779282,0.08170148376779282,0.14810900574360367,0.3094128884070436,24.87168660399127
ec_post,synthetic,0.3,0.25,0.0,3,0.42725348119957784,1,0.17509992204505087,0.252153559154527,1.0134114383556638,0.25335285958891596,0.18500898034451582,0.3094128884070436,24.868483273711387
ec_post,synthetic,0.3,0.5,0.0,3,0.8501829496925635,1,0.17509992204505087,0.6750830276475126,1.3005458871243831,0.6502729435621916,0.24103895380489757,0.3094128884070436,24.85389729421258
ec_post,synthetic,0.3,0.75,0.0,3,1.4039968623680734,1,0.17509992204505087,1.2288969403230225,1.5233368318299632,1.1425026238724723,0.28740814267838044,0.3094128884070436,24.810196537368057
ec_post,synthetic,0.3,1.0,0.0,3,2.0555222709591674,1,0.17509992204505087,1.8804223489141165,1.676302641425574,1.676302641425574,0.3222600857850808,0.3094128884070436,24.70991381464597
ec_post,synthetic,0.3,0.1,1.0,3,1.3249754877604967,1,1.2355599172145075,0.08941557054598914,0.8658566318524347,0.08658566318524347,0.1653494272677575,0.3094128884070436,26.86907569622796
ec_post,synthetic,0.3,0.25,1.0,3,1.5056191621822288,1,1.2355599172145075,0.27005924496772127,1.0443578629235566,0.26108946573088915,0.20085036761006908,0.3094128884070436,27.26686265317361
ec_post,synthetic,0.3,0.5,1.0,3,1.915669081941478,1,1.2355599172145075,0.6801091647269704,1.3077992985092994,0.6538996492546497,0.2551763477247664,0.3094128884070436,27.921276665828593
ec_post,synthetic,0.3,0.75,1.0,3,2.432193710011627,1,1.2355599172145075,1.1966337927971196,1.5152907021142474,1.1364680265856855,0.30063155395473035,0.3094128884070436,28.542883028811595
ec_post,synthetic,0.3,1.0,1.0,3,,0,1.2355599172145075,,1.6605359326785565,1.6605359326785565,0.3352189559906913,0.3094128884070436,29.096732196074175
ec_post,synthetic,0.6,0.1,0.0,3,0.3247373346254214,1,0.17509992204505087,0.14963741258037055,1.5773407768467573,0.15773407768467573,0.2870507911640101,0.6099649928819305,24.873911587298757
ec_post,synthetic,0.6,0.25,0.0,3,0.5988921504907071,1,0.17509992204505087,0.4237922284456562,1.7419682186270715,0.4354920546567679,0.3210075736208915,0.6099649928819305,24.875788646014467
ec_post,synthetic,0.6,0.5,0.0,3,1.1627401083006776,1,0.17509992204505087,0.9876401862556268,1.9693284010209813,0.9846642005104906,0.37136474251834345,0.6099649928819305,24.87545928689517
ec_post,synthetic,0.6,0.75,0.0,3,1.8281852847030398,1,0.17509992204505087,1.6530853626579889,2.132732047690394,1.5995490357677955,0.411914719577161,0.6099649928819305,24.85831353309003
ec_post,synthetic,0.6,1.0,0.0,3,2.5465425132028834,1,0.17509992204505087,2.3714425911578325,2.234556773928376,2.234556773928376,0.44159247100794025,0.6099649928819305,24.807887532584733
ec_post,synthetic,0.6,0.1,1.0,3,1.4117587949173496,1,1.2355599172145075,0.17619887770284204,1.6756275858645502,0.16756275858645503,0.32133981373614934,0.6099649928819305,27.156702315709587
ec_post,synthetic,0.6,0.25,1.0,3,1.7122074122149655,1,1.2355599172145075,0.476647495000458,1.8206792096479245,0.45516980241198113,0.3538312488006222,0.6099649928819305,28.007625011591198
ec_post,synthetic,0.6,0.5,1.0,3,2.2867080269118922,1,1.2355599172145075,1.0511481096973847,2.0208492070416657,1.0104246035208329,0.4023976334444566,0.6099649928819305,29.4781394960835
ec_post,synthetic,0.6,0.75,1.0,3,2.9090846241254162,1,1.2355599172145075,1.6735247069109087,2.1627204918438165,1.6220403688828624,0.44174619152054395,0.6099649928819305,30.999491608770562
ec_post,synthetic,0.6,1.0,1.0,3,,0,1.2355599172145075,,2.2474724636081893,2.2474724636081893,0.47055008374969864,0.6099649928819305,32.54849878546616
ec_post,alpha,,0.1,0.0,3,0.33906202922521905,1,0.17509992204505087,0.16396210718016818,1.7982980702368088,0.1798298070236809,0.3275529405829581,0.1674318709547505,24.863555892735413
ec_post,alpha,,0.25,0.0,3,0.61505471346767,1,0.17509992204505087,0.4399547914226192,1.9483370756768612,0.4870842689192153,0.35964485226979187,0.1674318709547505,24.830808247631595
ec_post,alpha,,0.5,0.0,3,1.1261226946727185,1,0.17509992204505087,0.9510227726276677,2.1455561059525374,1.0727780529762687,0.4052040969615111,0.1674318709547505,24.668860161185926
ec_post,alpha,,0.75,0.0,3,1.6763494188432104,1,0.17509992204505087,1.5012494967981596,2.278835483759284,1.709126612819463,0.4399113887349112,0.1674318709547505,24.29208169525014
ec_post,alpha,,1.0,0.0,3,2.246986721563966,1,0.17509992204505087,2.071886799518915,2.3554896083374706,2.3554896083374706,0.46362230261469944,0.1674318709547505,23.636864736588294
ec_post,alpha,,0.1,1.0,3,1.3737397899183208,1,1.2355599172145075,0.13817987270381327,1.6920019929645467,0.1692001992964547,0.3243487687930983,0.1674318709547505,26.697264808291628
ec_post,alpha,,0.25,1.0,3,1.6083857972272573,1,1.2355599172145075,0.37282588001274974,1.8302625805030965,0.45756564512577413,0.3550934889212689,0.1674318709547505,26.812664820766592
ec_post,alpha,,0.5,1.0,3,2.0470697388076777,1,1.2355599172145075,0.8115098215931702,2.0171169346382034,1.0085584673191017,0.3993323603509162,0.1674318709547505,26.875744159019995
ec_post,alpha,,0.75,1.0,3,2.516706975922675,1,1.2355599172145075,1.2811470587081673,2.1495927150055683,1.6121945362541763,0.43370543520806726,0.1674318709547505,26.68645572899787
ec_post,alpha,,1.0,1.0,3,2.99333379760011,1,1.2355599172145075,1.7577738803856027,2.2322924788421714,2.2322924788421714,0.45780671247073773,0.1674318709547505,26.170547550999952
ec_post,synthetic,0.3,0.1,0.0,4,0.25178198564324106,1,0.15908626260703282,0.09269572303620824,0.8756202269505208,0.08756202269505209,0.15918193667801572,0.3049779666932656,24.90567050645478
ec_post,synthetic,0.3,0.25,0.0,4,0.449716052814439,1,0.15908626260703282,0.2906297902074062,1.0649757364127517,0.2662439341031879,0.19510888734123333,0.3049779666932656,24.91371211024915
ec_post,synthetic,0.3,0.5,0.0,4,0.9125965235946637,1,0.15908626260703282,0.7535102609876309,1.339728384073355,0.6698641920366775,0.24939248441719017,0.3049779666932656,24.933037682736895
ec_post,synthetic,0.3,0.75,0.0,4,1.521748806049407,1,0.15908626260703282,1.3626625434423743,1.5511461664271955,1.1633596248203966,0.29409370654257294,0.3049779666932656,24.952636927038395
ec_post,synthetic,0.3,1.0,0.0,4,2.256440779272838,1,0.15908626260703282,2.097354516665805,1.6950604484876215,1.6950604484876215,0.32754153242566814,0.3049779666932656,24.957743872486216
ec_post,synthetic,0.3,0.1,1.0,4,1.325077762073313,1,1.2217775874748278,0.10330017459848517,0.9198767877802041,0.09198767877802042,0.17584343810654315,0.3049779666932656,26.917395688264655
ec_post,synthetic,0.3,0.25,1.0,4,1.5306898608034432,1,1.2217775874748278,0.30891227332861537,1.0926847107793987,0.27317117769484967,0.21046952412720274,0.3049779666932656,27.34252339940333
ec_post,synthetic,0.3,0.5,1.0,4,1.9945138500976767,1,1.2217775874748278,0.7727362626228489,1.3460259010759932,0.6730129505379966,0.2632287753594243,0.3049779666932656,28.063962425299948
ec_post,synthetic,0.3,0.75,1.0,4,2.577714629051134,1,1.2217775874748278,1.3559370415763063,1.544042316242096,1.158031737181572,0.3071705982029369,0.3049779666932656,28.78738631892923
ec_post,synthetic,0.3,1.0,1.0,4,,0,1.2217775874748278,,1.6816111081127993,1.6816111081127993,0.3404629986192225,0.3049779666932656,29.48289991794726
ec_post,synthetic,0.6,0.1,0.0,4,0.31944404494212403,1,0.15908626260703282,0.1603577823350912,1.6133172373248557,0.16133172373248558,0.2943365669548528,0.6047547386816383,24.90853572373477
ec_post,synthetic,0.6,0.25,0.0,4,0.6090972852125495,1,0.15908626260703282,0.4500110226055166,1.77229546849925,0.4430738671248125,0.32749182390594733,0.6047547386816383,24.92004208386987
ec_post,synthetic,0.6,0.5,0.0,4,1.205049407299852,1,0.15908626260703282,1.0459631446928193,1.9913817618701017,0.9956908809350509,0.3765949265191657,0.6047547386816383,24.942132974234333
ec_post,synthetic,0.6,0.75,0.0,4,1.925603469185627,1,0.15908626260703282,1.7665172065785941,2.1487039370132814,1.611527952759961,0.4161335324588846,0.6047547386816383,24.959971270105424
ec_post,synthetic,0.6,1.0,0.0,4,2.718839424986091,1,0.15908626260703282,2.5597531623790584,2.246857922663392,2.246857922663392,0.44511688575780484,0.6047547386816383,24.956502429914504
ec_post,synthetic,0.6,0.1,1.0,4,1.4108510978668425,1,1.2217775874748278,0.1890735103920147,1.7070957687084294,0.17070957687084296,0.32761461726877444,0.6047547386816383,27.195871235887967
ec_post,synthetic,0.6,0.25,1.0,4,1.7360137325814675,1,1.2217775874748278,0.5142361451066397,1.8478503356209695,0.46196258390524236,0.3594079486955917,0.6047547386816383,28.05343919132612
ec_post,synthetic,0.6,0.5,1.0,4,2.3639455471031705,1,1.2217775874748278,1.1421679596283427,2.0418673831656884,1.0209336915828442,0.406906953369661,0.6047547386816383,29.53292208921195
ec_post,synthetic,0.6,0.75,1.0,4,,0,1.2217775874748278,,2.179405230121285,1.634553922590964,0.4454140989586274,0.6047547386816383,31.05429189038342
ec_post,synthetic,0.6,1.0,1.0,4,,0,1.2217775874748278,,2.261864979940353,2.261864979940353,0.4736654783144559,0.6047547386816383,32.571081404808005
ec_post,alpha,,0.1,0.0,4,0.33281092301409176,1,0.15908626260703282,0.17372466040705895,1.799239664186326,0.17992396641863262,0.3285493244641643,0.1674318709547505,24.91312647598463
ec_post,alpha,,0.25,0.0,4,0.6191208800639663,1,0.15908626260703282,0.4600346174569334,1.9432780964339191,0.4858195241084798,0.35971679750861335,0.1674318709547505,24.912280556629575
ec_post,alpha,,0.5,0.0,4,1.141070054883067,1,0.15908626260703282,0.9819837922760342,2.1320201170843975,1.0660100585421988,0.40391885153427126,0.1674318709547505,24.816300987276804
ec_post,alpha,,0.75,0.0,4,1.705347304725315,1,0.15908626260703282,1.546261042118282,2.2591517810634505,1.6943638357975879,0.4375852259195409,0.1674318709547505,24.530113224064415
ec_post,alpha,,1.0,0.0,4,2.300065813196043,1,0.15908626260703282,2.14097955058901,2.332164640668501,2.332164640668501,0.46062635949551306,0.1674318709547505,23.990260928834374
ec_post,alpha,,0.1,1.0,4,1.3701152346813186,1,1.2217775874748278,0.14833764720649079,1.6976128010294962,0.16976128010294964,0.3256888477392267,0.1674318709547505,26.75410436815043
ec_post,alpha,,0.25,1.0,4,1.6211150765378033,1,1.2217775874748278,0.3993374890629755,1.8308733460835769,0.4577183365208942,0.3555952953946699,0.1674318709547505,26.90628113151632
ec_post,alpha,,0.5,1.0,4,2.0905235958435586,1,1.2217775874748278,0.8687460083687308,2.010337391262266,1.005168695631133,0.39857575930409794,0.1674318709547505,27.05021143464314
ec_post,alpha,,0.75,1.0,4,2.5925038176906607,1,1.2217775874748278,1.370726230215833,2.1370024220903208,1.6027518165677406,0.43193878493738996,0.1674318709547505,26.980573278072594
ec_post,alpha,,1.0,1.0,4,,0,1.2217775874748278,,2.2157936371222515,2.2157936371222515,0.4553422395278592,0.1674318709547505,26.62936555947983
eo_post,synthetic,0.3,0.1,0.0,0,0.07555196248734651,1,-0.010269011867157344,0.08582097435450385,0.7644904557296544,0.07644904557296545,0.1452665119553929,0.29588691075673357,3.6031713401445904
eo_post,synthetic,0.3,0.25,0.0,0,0.21998384471872376,1,-0.010269011867157344,0.2302528565858811,0.798339599728043,0.19958489993201076,0.1518560414819597,0.29588691075673357,3.585181950087278
eo_post,synthetic,0.3,0.5,0.0,0,0.4975945636187828,1,-0.010269011867157344,0.5078635754859402,0.8518102063318804,0.4259051031659402,0.16233575747884943,0.29588691075673357,3.553018223541311
eo_post,synthetic,0.3,0.75,0.0,0,0.8159281698169332,1,-0.010269011867157344,0.8261971816840905,0.8996938622696762,0.6747703967022571,0.1718179022718223,0.29588691075673357,3.521050487398532
eo_post,synthetic,0.3,1.0,0.0,0,1.1723398574597448,1,-0.010269011867157344,1.1826088693269021,0.9399587909742662,0.9399587909742662,0.17990090156078478,0.29588691075673357,3.490643990670669
eo_post,synthetic,0.3,0.1,1.0,0,1.1236220158731616,1,1.0373692367417635,0.08625277913139806,0.7753004552132299,0.07753004552132299,0.14855355454416486,0.29588691075673357,3.893822309553798
eo_post,synthetic,0.3,0.25,1.0,0,1.2640157732156452,1,1.0373692367417635,0.22664653647388167,0.8100857824128641,0.20252144560321603,0.15539465535950292,0.29588691075673357,3.93487114659817
eo_post,synthetic,0.3,0.5,1.0,0,1.5264027759742036,1,1.0373692367417635,0.4890335392324401,0.8661563515781419,0.43307817578907093,0.16649409460464806,0.29588691075673357,4.002292729244117
eo_post,synthetic,0.3,0.75,1.0,0,1.82563344322007,1,1.0373692367417635,0.7882642064783065,0.9175444757569401,0.6881583568177051,0.17676845220395418,0.29588691075673357,4.072009648911225
eo_post,synthetic,0.3,1.0,1.0,0,2.165951782240796,1,1.0373692367417635,1.1285825454990324,0.9616706652832664,0.9616706652832664,0.18570532672402917,0.29588691075673357,4.145085388949608
eo_post,synthetic,0.6,0.1,0.0,0,0.1573081967416079,1,-0.010269011867157344,0.16757720860876524,1.508390432156791,0.1508390432156791,0.28680228454944084,0.6001218459824722,3.6061475948022843
eo_post,synthetic,0.6,0.25,0.0,0,0.4194386555163874,1,-0.010269011867157344,0.42970766738354477,1.5376027538897168,0.3844006884724292,0.29293554661390564,0.6001218459824722,3.591708351846888
eo_post,synthetic,0.6,0.5,0.0,0,0.8768769395205042,1,-0.010269011867157344,0.8871459513876615,1.5829493368003338,0.7914746684001669,0.3026026464756528,0.6001218459824722,3.5614657650260173
eo_post,synthetic,0.6,0.75,0.0,0,1.355144493287698,1,-0.010269011867157344,1.3654135051548553,1.6226832696124571,1.2170124522093428,0.31126658824943815,0.6001218459824722,3.5251999669223975
eo_post,synthetic,0.6,1.0,0.0,0,1.8587570985793997,1,-0.010269011867157344,1.869026110446557,1.655344915514448,1.655344915514448,0.3186010726423626,0.6001218459824722,3.4849497369310614
eo_post,synthetic,0.6,0.1,1.0,0,1.2039990534491538,1,1.0373692367417635,0.1666298167073903,1.5306580734288664,0.15306580734288666,0.2934913799089818,0.6001218459824722,3.9352012323544847
eo_post,synthetic,0.6,0.25,1.0,0,1.4625426976537768,1,1.0373692367417635,0.42517346091201325,1.5614644124897386,0.39036610312243464,0.3000689773593714,0.6001218459824722,4.039359346444131
eo_post,synthetic,0.6,0.5,1.0,0,1.9183050864720907,1,1.0373692367417635,0.8809358497303272,1.6111331534590747,0.8055665767295374,0.3108637595525203,0.6001218459824722,4.213342804944265
eo_post,synthetic,0.6,0.75,1.0,0,2.4089753908979175,1,1.0373692367417635,1.371606154156154,1.6564202195035567,1.2423151646276676,0.3209825220284967,0.6001218459824722,4.390826941436768
eo_post,synthetic,0.6,1.0,1.0,0,2.929389832477199,1,1.0373692367417635,1.8920205957354357,1.6947413927266648,1.6947413927266648,0.3298733524439866,0.6001218459824722,4.574873007065581
eo_post,alpha,,0.1,0.0,0,0.12918161539086706,1,-0.010269011867157344,0.1394506272580244,1.175775487097796,0.1175775487097796,0.22350923459482747,0.11006558631070859,3.6108711808393914
eo_post,alpha,,0.25,0.0,0,0.34501517768485956,1,-0.010269011867157344,0.3552841895520169,1.208118278968234,0.3020295697420585,0.23002991451108762,0.11006558631070859,3.605175996603103
eo_post,alpha,,0.5,0.0,0,0.7169248482273414,1,-0.010269011867157344,0.7271938600944987,1.260259230653299,0.6301296153266495,0.2406234018332051,0.11006558631070859,3.5939462941273312
eo_post,alpha,,0.75,0.0,0,1.1049026261162942,1,-0.010269011867157344,1.1151716379834515,1.3082992862411413,0.981224464680856,0.25049769007302414,0.11006558631070859,3.580447985887929
eo_post,alpha,,1.0,0.0,0,1.5206642813681936,1,-0.010269011867157344,1.530933293235351,1.3501361457636918,1.3501361457636918,0.25923531085140616,0.11006558631070859,3.563772646680515
eo_post,alpha,,0.1,1.0,0,1.154988239769457,1,1.0373692367417635,0.11761900302769357,1.1675806432514202,0.11675806432514202,0.2237989127341514,0.11006558631070859,3.878739617210808
eo_post,alpha,,0.25,1.0,0,1.3379047109521036,1,1.0373692367417635,0.3005354742103401,1.2005697384954688,0.3001424346238672,0.23050222723482566,0.11006558631070859,3.8984598907559933
eo_post,alpha,,0.5,1.0,0,1.6595182021001444,1,1.0373692367417635,0.6221489653583809,1.2541252557732048,0.6270626278866024,0.2414669329718026,0.11006558631070859,3.931694956226892
eo_post,alpha,,0.75,1.0,0,2.006054026300561,1,1.0373692367417635,0.9686847895587976,1.3038392084597812,0.9778794063448359,0.251761632349147,0.11006558631070859,3.9653009229999734
eo_post,alpha,,1.0,1.0,0,2.3861847545917385,1,1.0373692367417635,1.348815517849975,1.3474053480389603,1.3474053480389603,0.2609215391488639,0.11006558631070859,3.9980229285664297
eo_post,synthetic,0.3,0.1,0.0,1,0.05997555161107976,1,-0.02390571814305517,0.08388126975413493,0.7347330067325415,0.07347330067325415,0.13968516902217698,0.28929285154744644,2.871291524836929
eo_post,synthetic,0.3,0.25,0.0,1,0.19777336166592846,1,-0.02390571814305517,0.22167907980898363,0.7662599459206604,0.1915649864801651,0.14582757259685414,0.28929285154744644,2.871342499147148
eo_post,synthetic,0.3,0.5,0.0,1,0.45766516602163054,1,-0.02390571814305517,0.48157088416468574,0.8161902807755087,0.40809514038775435,0.15561461048321698,0.28929285154744644,2.868023490244421
eo_post,synthetic,0.3,0.75,0.0,1,0.7568773558902365,1,-0.02390571814305517,0.7807830740332917,0.8612274822330419,0.6459206116747814,0.16452069207226364,0.28929285154744644,2.8582642220324646
eo_post,synthetic,0.3,1.0,0.0,1,1.102125629679105,1,-0.02390571814305517,1.1260313478221602,0.8995618860727844,0.8995618860727844,0.1721885218861868,0.28929285154744644,2.839275507923131
eo_post,synthetic,0.3,0.1,1.0,1,1.0973163092935025,1,1.0204847024211974,0.07683160687230517,0.7456105171641412,0.07456105171641413,0.14285676120451374,0.28929285154744644,3.1485859592538885
eo_post,synthetic,0.3,0.25,1.0,1,1.2238318377370987,1,1.0204847024211974,0.20334713531590132,0.778109515021737,0.19452737875543424,0.14924175066268325,0.28929285154744644,3.1984916243797556
eo_post,synthetic,0.3,0.5,1.0,1,1.4678328675876704,1,1.0204847024211974,0.447348165166473,0.8305938873776197,0.41529694368880987,0.15961453340677462,0.28929285154744644,3.2784357755195805
eo_post,synthetic,0.3,0.75,1.0,1,1.7635164509465366,1,1.0204847024211974,0.7430317485253393,0.8789688429304467,0.6592266321978351,0.16926016200356522,0.28929285154744644,3.3516936735773646
eo_post,synthetic,0.3,1.0,1.0,1,2.131073150043638,1,1.0204847024211974,1.1105884476224408,0.920899927652378,0.920899927652378,0.17771710440336613,0.28929285154744644,3.414961135732336
eo_post,synthetic,0.6,0.1,0.0,1,0.14047447332523982,1,-0.02390571814305517,0.164380191468295,1.4825853024097975,0.14825853024097976,0.2820288961755093,0.5967231382013716,2.87147337657401
eo_post,synthetic,0.6,0.25,0.0,1,0.39295077627480285,1,-0.02390571814305517,0.416856494417858,1.5098862180708745,0.37747155451771863,0.2877625748959138,0.5967231382013716,2.871830028446039
eo_post,synthetic,0.6,0.5,0.0,1,0.8273386275293854,1,-0.02390571814305517,0.8512443456724406,1.5523963161269363,0.7761981580634681,0.29681141411803685,0.5967231382013716,2.8690751843223157
eo_post,synthetic,0.6,0.75,0.0,1,1.2826326146964675,1,-0.02390571814305517,1.3065383328395226,1.5898502174894198,1.192387663117065,0.3049406086529926,0.5967231382013716,2.860124105704457
eo_post,synthetic,0.6,1.0,0.0,1,1.7777417665470898,1,-0.02390571814305517,1.801647484690145,1.620836788561138,1.620836788561138,0.31184091547156095,0.5967231382013716,2.84298180308691
eo_post,synthetic,0.6,0.1,1.0,1,1.176816903640209,1,1.0204847024211974,0.1563322012190116,1.504531790749937,0.1504531790749937,0.28845079679545865,0.5967231382013716,3.184101733950588
eo_post,synthetic,0.6,0.25,1.0,1,1.4190168810306656,1,1.0204847024211974,0.3985321786094682,1.5335568911299668,0.3833892227824917,0.29462728594594123,0.5967231382013716,3.290213078761729
eo_post,synthetic,0.6,0.5,1.0,1,1.8534973530025132,1,1.0204847024211974,0.8330126505813158,1.5804287452648018,0.7902143726324009,0.3047628444749064,0.5967231382013716,3.471955294889254
eo_post,synthetic,0.6,0.75,1.0,1,2.3655250993677197,1,1.0204847024211974,1.3450403969465223,1.6232955040710855,1.217471628053314,0.31426590770199964,0.5967231382013716,3.6582351621300573
eo_post,synthetic,0.6,1.0,1.0,1,,0,1.0204847024211974,,1.659755847829759,1.659755847829759,0.3226259563416005,0.5967231382013716,3.8482945564271698
eo_post,alpha,,0.1,0.0,1,0.12498784976256622,1,-0.02390571814305517,0.1488935679056214,1.1706429789063606,0.11706429789063606,0.22264782897724794,0.11006558631070859,2.870088153011584
eo_post,alpha,,0.25,0.0,1,0.3525188804564445,1,-0.02390571814305517,0.3764245985994997,1.2005396916459867,0.3001349229114967,0.22869698921015133,0.11006558631070859,2.8701114308623463
eo_post,alpha,,0.5,0.0,1,0.7398130010324717,1,-0.02390571814305517,0.7637187191755269,1.2488433926259048,0.6244216963129524,0.238539268152345,0.11006558631070859,2.874156377272926
eo_post,alpha,,0.75,0.0,1,1.1427928520255966,1,-0.02390571814305517,1.1666985701686516,1.2936018786157706,0.9702014089618279,0.24775331503309464,0.11006558631070859,2.8841155010846844
eo_post,alpha,,1.0,0.0,1,1.580579633204553,1,-0.02390571814305517,1.604485351347608,1.332920592168463,1.332920592168463,0.2559636668542546,0.11006558631070859,2.8996752570439646
eo_post,alpha,,0.1,1.0,1,1.1451407175351587,1,1.0204847024211974,0.1246560151139613,1.1618188104483764,0.11618188104483765,0.22268545491692132,0.11006558631070859,3.130009963959922
eo_post,alpha,,0.25,1.0,1,1.3384158640079336,1,1.0204847024211974,0.3179311615867362,1.192365220788719,0.29809130519717975,0.22890613064921211,0.11006558631070859,3.1540951001388233
eo_post,alpha,,0.5,1.0,1,1.6764662208731882,1,1.0204847024211974,0.6559815184519908,1.242106468922687,0.6210532344613435,0.2391041175931765,0.11006558631070859,3.198959442711626
eo_post,alpha,,0.75,1.0,1,2.0389765717565056,1,1.0204847024211974,1.0184918693353082,1.2885744043294043,0.9664308032470532,0.24872661481984354,0.11006558631070859,3.249739754279006
eo_post,alpha,,1.0,1.0,1,2.438283737682643,1,1.0204847024211974,1.4177990352614458,1.329650037083112,1.329650037083112,0.2573483541116587,0.11006558631070859,3.304947606549744
eo_post,synthetic,0.3,0.1,0.0,2,0.08904068543884522,1,0.00028991951507899457,0.08875076592376623,0.7207796477236748,0.07207796477236748,0.13709475239708754,0.3028214557140649,2.955151471253971
eo_post,synthetic,0.3,0.25,0.0,2,0.23369371926190408,1,0.00028991951507899457,0.23340379974682507,0.75422084640333,0.1885552116008325,0.14360411869577872,0.3028214557140649,2.9533874932821513
eo_post,synthetic,0.3,0.5,0.0,2,0.5017080956706043,1,0.00028991951507899457,0.5014181761555253,0.8072753307826961,0.40363766539134804,0.1539911659225868,0.3028214557140649,2.9500087507183483
eo_post,synthetic,0.3,0.75,0.0,2,0.8014524925635789,1,0.00028991951507899457,0.8011625730484999,0.855145396392506,0.6413590472943795,0.1634453675536694,0.3028214557140649,2.944003733567486
eo_post,synthetic,0.3,1.0,0.0,2,1.135373545235556,1,0.00028991951507899457,1.135083625720477,0.8958328119897279,0.8958328119897279,0.17157367613601818,0.3028214557140649,2.9328011021645586
eo_post,synthetic,0.3,0.1,1.0,2,1.0679572774447117,1,0.9879240866851962,0.08003319075951554,0.7326202161587367,0.07326202161587368,0.14048386904768725,0.3028214557140649,3.2170430805527004
eo_post,synthetic,0.3,0.25,1.0,2,1.1963359985323236,1,0.9879240866851962,0.20841191184712748,0.7671306087433706,0.19178265218584264,0.14726305202935858,0.3028214557140649,3.270488183981051
eo_post,synthetic,0.3,0.5,1.0,2,1.4327196687342756,1,0.9879240866851962,0.44479558204907943,0.8230366336268905,0.41151831681344525,0.15830549845852698,0.3028214557140649,3.3616632181743205
eo_post,synthetic,0.3,0.75,1.0,2,1.7012250145247916,1,0.9879240866851962,0.7133009278395954,0.8746824402636769,0.6560118301977577,0.16859059302434648,0.3028214557140649,3.4531082712880745
eo_post,synthetic,0.3,1.0,1.0,2,2.0109706934120393,1,0.9879240866851962,1.023046606726843,0.9194925915401837,0.9194925915401837,0.17760978137270725,0.3028214557140649,3.541366291424066
eo_post,synthetic,0.6,0.1,0.0,2,0.16451109207353845,1,0.00028991951507899457,0.16422117255845944,1.4634850682773608,0.1463485068277361,0.2785288361382163,0.6036203463004229,2.95472843543368
eo_post,synthetic,0.6,0.25,0.0,2,0.41551113767287784,1,0.00028991951507899457,0.41522121815779883,1.4923684648516837,0.37309211621292093,0.2845754888699909,0.6036203463004229,2.952421974910045
eo_post,synthetic,0.6,0.5,0.0,2,0.8407362824814176,1,0.00028991951507899457,0.8404463629663387,1.5376165451096324,0.7688082725548162,0.2941681432499423,0.6036203463004229,2.949238995238575
eo_post,synthetic,0.6,0.75,0.0,2,1.2737360053908147,1,0.00028991951507899457,1.2734460858757357,1.5778188654355154,1.1833641490766365,0.30285031349102765,0.6036203463004229,2.94687036705679
eo_post,synthetic,0.6,1.0,0.0,2,1.722439379288018,1,0.00028991951507899457,1.722149459772939,1.6114480158141509,1.6114480158141509,0.31029021777400256,0.6036203463004229,2.946227654405737
eo_post,synthetic,0.6,0.1,1.0,2,1.1413203597437065,1,0.9879240866851962,0.15339627305851034,1.4856713354953417,0.14856713354953419,0.2850844684176315,0.6036203463004229,3.2503899865098544
eo_post,synthetic,0.6,0.25,1.0,2,1.3748031871055146,1,0.9879240866851962,0.3868791004203185,1.5161708946656944,0.3790427236664236,0.29157691189607826,0.6036203463004229,3.3567797100475456
eo_post,synthetic,0.6,0.5,1.0,2,1.774750978313996,1,0.9879240866851962,0.7868268916287999,1.56577633510743,0.782888167553715,0.3022957118409243,0.6036203463004229,3.545962752480329
eo_post,synthetic,0.6,0.75,1.0,2,2.196202072387877,1,0.9879240866851962,1.2082779857026809,1.6115876556185944,1.2086907417139459,0.312426324375116,0.6036203463004229,3.7523544192482023
eo_post,synthetic,0.6,1.0,1.0,2,2.6530638526697725,1,0.9879240866851962,1.6651397659845764,1.6509810378055467,1.6509810378055467,0.3214148528827603,0.6036203463004229,3.980461601656913
eo_post,alpha,,0.1,0.0,2,0.11988246312157413,1,0.00028991951507899457,0.11959254360649514,1.1686150103716788,0.11686150103716789,0.22235591724094947,0.11006558631070859,2.956633199770395
eo_post,alpha,,0.25,0.0,2,0.30632821559500534,1,0.00028991951507899457,0.30603829607992633,1.1999993738805794,0.29999984347014486,0.22868534364625245,0.11006558631070859,2.9574442087815833
eo_post,alpha,,0.5,0.0,2,0.6311511938895051,1,0.00028991951507899457,0.6308612743744262,1.2506343662536779,0.6253171831268389,0.238969499540103,0.11006558631070859,2.96181801859283
eo_post,alpha,,0.75,0.0,2,0.9746467815411378,1,0.00028991951507899457,0.9743568620260589,1.2974118793198897,0.9730589094899172,0.24856897714035311,0.11006558631070859,2.970592490078559
eo_post,alpha,,1.0,0.0,2,1.3504093282713197,1,0.00028991951507899457,1.3501194087562407,1.3383555633252266,1.3383555633252266,0.2570905432798707,0.11006558631070859,2.983122512506635
eo_post,alpha,,0.1,1.0,2,1.0896659974279537,1,0.9879240866851962,0.10174191074275751,1.158946472471523,0.11589464724715232,0.22231241212810665,0.11006558631070859,3.195638879673781
eo_post,alpha,,0.25,1.0,2,1.2500808580360183,1,0.9879240866851962,0.26215677135082216,1.1909161973578557,0.2977290493394639,0.2288117849453744,0.11006558631070859,3.217136494751887
eo_post,alpha,,0.5,1.0,2,1.5375699602003003,1,0.9879240866851962,0.5496458735151042,1.2429097060889625,0.6214548530444812,0.23945299078651455,0.11006558631070859,3.2580835836246935
eo_post,alpha,,0.75,1.0,2,1.8555511841329557,1,0.9879240866851962,0.8676270974477596,1.2913646791946776,0.9685235093960082,0.2494680619961845,0.11006558631070859,3.306338193660636
eo_post,alpha,,1.0,1.0,2,2.2197576293909336,1,0.9879240866851962,1.2318335427057374,1.3340979146275287,1.3340979146275287,0.25841702505420183,0.11006558631070859,3.361454293716458
eo_post,synthetic,0.3,0.1,0.0,3,0.04899488898672954,1,-0.027811104404708416,0.07680599339143795,0.7287711638519585,0.07287711638519585,0.13853472018765797,0.3030443069931017,3.0325584762747395
eo_post,synthetic,0.3,0.25,0.0,3,0.1841079109816232,1,-0.027811104404708416,0.21191901538633162,0.7618033344988201,0.19045083362470502,0.14495184550077336,0.3030443069931017,3.0330280053792746
eo_post,synthetic,0.3,0.5,0.0,3,0.45843048235337625,1,-0.027811104404708416,0.48624158675808465,0.8141142617105392,0.4070571308552696,0.1551800518737269,0.3030443069931017,3.0351124015473525
eo_post,synthetic,0.3,0.75,0.0,3,0.7907236271399476,1,-0.027811104404708416,0.8185347315446561,0.8612103169071531,0.6459077376803648,0.1644815839205717,0.3030443069931017,3.0387430802116824
eo_post,synthetic,0.3,1.0,0.0,3,1.179621273864455,1,-0.027811104404708416,1.2074323782691634,0.9011646557014218,0.9011646557014218,0.17248018244118618,0.3030443069931017,3.0423042325466465
eo_post,synthetic,0.3,0.1,1.0,3,1.088020289062941,1,1.0085575347396212,0.07946275432331973,0.7407254801773582,0.07407254801773581,0.14190479052230115,0.3030443069931017,3.3019637620592968
eo_post,synthetic,0.3,0.25,1.0,3,1.2235240435581103,1,1.0085575347396212,0.2149665088184891,0.7748557864629888,0.1937139466157472,0.14858824006753837,0.3030443069931017,3.3514381856548057
eo_post,synthetic,0.3,0.5,1.0,3,1.493582439338138,1,1.0085575347396212,0.4850249045985169,0.8299792060715647,0.41498960303578236,0.1594496263488227,0.3030443069931017,3.4388555981740336
eo_post,synthetic,0.3,0.75,1.0,3,1.8219751179752712,1,1.0085575347396212,0.81341758323565,0.8807363149923888,0.6605522362442916,0.16954904246901428,0.3030443069931017,3.532437979430559
eo_post,synthetic,0.3,1.0,1.0,3,2.2126871216584356,1,1.0085575347396212,1.2041295869188144,0.9246632345100816,0.9246632345100816,0.17840512222630214,0.3030443069931017,3.630327192175961
eo_post,synthetic,0.6,0.1,0.0,3,0.12957262229069225,1,-0.027811104404708416,0.15738372669540066,1.4748044559870197,0.14748044559870196,0.28051828204725776,0.6045210114701833,3.0332957938811327
eo_post,synthetic,0.6,0.25,0.0,3,0.38032077969645206,1,-0.027811104404708416,0.40813188410116047,1.5036633322009125,0.37591583305022813,0.2865290220840039,0.6045210114701833,3.0346419083858653
eo_post,synthetic,0.6,0.5,0.0,3,0.830354467189437,1,-0.027811104404708416,0.8581655715941454,1.5487314048581127,0.7743657024290563,0.29604037840203584,0.6045210114701833,3.0377637300477955
eo_post,synthetic,0.6,0.75,0.0,3,1.314943982470232,1,-0.027811104404708416,1.3427550868749405,1.5885265566851225,1.1913949175138419,0.30460963374998185,0.6045210114701833,3.0425026795028667
eo_post,synthetic,0.6,1.0,0.0,3,1.832751431607265,1,-0.027811104404708416,1.8605625360119735,1.6215096454491853,1.6215096454491853,0.31190860935504444,0.6045210114701833,3.048449445677486
eo_post,synthetic,0.6,0.1,1.0,3,1.168637646073239,1,1.0085575347396212,0.16008011133361788,1.4980146879289957,0.14980146879289957,0.287172766181773,0.6045210114701833,3.3386227172722074
eo_post,synthetic,0.6,0.25,1.0,3,1.422290531696443,1,1.0085575347396212,0.41373299695682175,1.5287264814550277,0.3821816203637569,0.2936491860407242,0.6045210114701833,3.445221514969361
eo_post,synthetic,0.6,0.5,1.0,3,1.8813847840559614,1,1.0085575347396212,0.8728272493163403,1.5784118179020934,0.7892059089510467,0.3042949524033187,0.6045210114701833,3.634250248178372
eo_post,synthetic,0.6,0.75,1.0,3,2.387109161914909,1,1.0085575347396212,1.378551627175288,1.6239393872716994,1.2179545404537746,0.31430135746581656,0.6045210114701833,3.8390494040984744
eo_post,synthetic,0.6,1.0,1.0,3,2.935453283650278,1,1.0085575347396212,1.9268957489106566,1.662727823203453,1.662727823203453,0.32313218320507636,0.6045210114701833,4.060413833733604
eo_post,alpha,,0.1,0.0,3,0.10591169462389444,1,-0.027811104404708416,0.13372279902860285,1.172928884140667,0.11729288841406671,0.22305669374160658,0.11006558631070859,3.0358502910113248
eo_post,alpha,,0.25,0.0,3,0.31315351132712793,1,-0.027811104404708416,0.34096461573183634,1.2046909396414247,0.3011727349103562,0.22944625461393317,0.11006558631070859,3.0418818904834537
eo_post,alpha,,0.5,0.0,3,0.671287743257538,1,-0.027811104404708416,0.6990988476622465,1.2560173493557416,0.6280086746778708,0.2398455852118481,0.11006558631070859,3.055590587200518
eo_post,alpha,,0.75,0.0,3,1.0468125786299394,1,-0.027811104404708416,1.0746236830346478,1.3035080420447032,0.9776310315335274,0.24957297075048593,0.11006558631070859,3.0746928261210176
eo_post,alpha,,1.0,0.0,3,1.454770970971014,1,-0.027811104404708416,1.4825820753757224,1.3450488215084457,1.3450488215084457,0.2582159358803604,0.11006558631070859,3.099661033545217
eo_post,alpha,,0.1,1.0,3,1.1261755379728926,1,1.0085575347396212,0.11761800323327143,1.1642923561863876,0.11642923561863877,0.22313878970931048,0.11006558631070859,3.2898509660891233
eo_post,alpha,,0.25,1.0,3,1.3108736960372351,1,1.0085575347396212,0.30231616129761396,1.1967756449302105,0.2991939112325526,0.22971897058094431,0.11006558631070859,3.3210601968935345
eo_post,alpha,,0.5,1.0,3,1.6397677891195876,1,1.0085575347396212,0.6312102543799665,1.2496880190407351,0.6248440095203676,0.24051594989156208,0.11006558631070859,3.378560598951961
eo_post,alpha,,0.75,1.0,3,1.9975738539392223,1,1.0085575347396212,0.9890163191996011,1.2990426045919496,0.9742819534439622,0.25070068215639496,0.11006558631070859,3.4442180450240154
eo_post,alpha,,1.0,1.0,3,2.390970881791128,1,1.0085575347396212,1.3824133470515068,1.3424524201932726,1.3424524201932726,0.25980129286987425,0.11006558631070859,3.5193536673095975
eo_post,synthetic,0.3,0.1,0.0,4,0.09259011440678074,1,0.01292825060512653,0.0796618638016542,0.7396849874069373,0.07396849874069374,0.1406193374967988,0.3003226127078436,3.2012287593516104
eo_post,synthetic,0.3,0.25,0.0,4,0.22856344186448196,1,0.01292825060512653,0.21563519125935543,0.7732576772966254,0.19331441932415636,0.14713916991674023,0.3003226127078436,3.192025507291987
eo_post,synthetic,0.3,0.5,0.0,4,0.49205002523281016,1,0.01292825060512653,0.4791217746276836,0.8264880161115048,0.4132440080557524,0.1575422652920096,0.3003226127078436,3.17733713948647
eo_post,synthetic,0.3,0.75,0.0,4,0.79615830585251,1,0.01292825060512653,0.7832300552473835,0.8743949021666063,0.6557961766249547,0.16699596980785097,0.3003226127078436,3.162070773951307
eo_post,synthetic,0.3,1.0,0.0,4,1.1439706737174493,1,0.01292825060512653,1.1310424231123228,0.9148860897633333,0.9148860897633333,0.17509038604419228,0.3003226127078436,3.1422209735900815
eo_post,synthetic,0.3,0.1,1.0,4,1.1389516892110287,1,1.0634957534326173,0.07545593577841148,0.751046650473856,0.07510466504738561,0.1439579494641542,0.3003226127078436,3.4717639829571487
eo_post,synthetic,0.3,0.25,1.0,4,1.2638438418472693,1,1.0634957534326173,0.20034808841465201,0.7857632270501038,0.19644080676252595,0.15076411049176022,0.3003226127078436,3.5190234903546367
eo_post,synthetic,0.3,0.5,1.0,4,1.506620670429808,1,1.0634957534326173,0.4431249169971907,0.8419676042469207,0.42098380212346037,0.16184811006494773,0.3003226127078436,3.599976388622318
eo_post,synthetic,0.3,0.75,1.0,4,1.806283406392649,1,1.0634957534326173,0.7427876529600317,0.8937618544159203,0.6703213908119402,0.17215623053257736,0.3003226127078436,3.6814291761157887
eo_post,synthetic,0.3,1.0,1.0,4,2.1909397189557924,1,1.0634957534326173,1.1274439655231752,0.9384717976642136,0.9384717976642136,0.18116359492869938,0.3003226127078436,3.757726394749419
eo_post,synthetic,0.6,0.1,0.0,4,0.17686330493569657,1,0.01292825060512653,0.16393505433057004,1.489320030588778,0.1489320030588778,0.28330714371982557,0.6035341716396241,3.2029464415558193
eo_post,synthetic,0.6,0.25,0.0,4,0.43103340866139866,1,0.01292825060512653,0.41810515805627213,1.518555083934996,0.379638770983749,0.2894043952892301,0.6035341716396241,3.1964481916354632
eo_post,synthetic,0.6,0.5,0.0,4,0.8674306492972177,1,0.01292825060512653,0.8545023986920912,1.5643323251156274,0.7821661625578137,0.29908271413431603,0.6035341716396241,3.186756756893232
eo_post,synthetic,0.6,0.75,0.0,4,1.320078451009836,1,0.01292825060512653,1.3071502004047095,1.6049212138368338,1.2036909103776254,0.30783945225542403,0.6035341716396241,3.1777798133407837
eo_post,synthetic,0.6,1.0,0.0,4,1.810042442538136,1,0.01292825060512653,1.7971141919330096,1.6387011259846906,1.6387011259846906,0.315326926389651,0.6035341716396241,3.166874946180045
eo_post,synthetic,0.6,0.1,1.0,4,1.2165426013034246,1,1.0634957534326173,0.15304684787080736,1.5115534385465508,0.1511553438546551,0.2899284499322178,0.6035341716396241,3.5092900792776733
eo_post,synthetic,0.6,0.25,1.0,4,1.4546600907207787,1,1.0634957534326173,0.39116433728816147,1.5425110093252037,0.3856277523313009,0.2964847655938694,0.6035341716396241,3.6155170802424488
eo_post,synthetic,0.6,0.5,1.0,4,1.8837793888443244,1,1.0634957534326173,0.8202836354117071,1.5927881433476063,0.7963940716738032,0.3073043573998304,0.6035341716396241,3.8023847322262747
eo_post,synthetic,0.6,0.75,1.0,4,2.379468202135375,1,1.0634957534326173,1.3159724487027575,1.6390686035261488,1.2293014526446115,0.3175190464050942,0.6035341716396241,4.0008315563430354
eo_post,synthetic,0.6,1.0,1.0,4,2.975103742862516,1,1.0634957534326173,1.911607989429899,1.67865399444505,1.67865399444505,0.3265659552434826,0.6035341716396241,4.207943382654315
eo_post,alpha,,0.1,0.0,4,0.15405914192136907,1,0.01292825060512653,0.14113089131624254,1.1740570510548434,0.11740570510548434,0.22329944266037519,0.11006558631070859,3.2075691913225763
eo_post,alpha,,0.25,0.0,4,0.3739866886294101,1,0.01292825060512653,0.36105843802428356,1.2059106942719728,0.3014776735679932,0.2297242102011102,0.11006558631070859,3.2082142122992297
eo_post,alpha,,0.5,0.0,4,0.7578925025767195,1,0.01292825060512653,0.744964251971593,1.2574766482229747,0.6287383241114873,0.24020847416834165,0.11006558631070859,3.2116454980776434
eo_post,alpha,,0.75,0.0,4,1.1679323207018073,1,0.01292825060512653,1.1550040700966808,1.305222933315564,0.978917199986673,0.2500378149662207,0.11006558631070859,3.2189427412578056
eo_post,alpha,,1.0,0.0,4,1.62573291765915,1,0.01292825060512653,1.6128046670540235,1.3469095383124425,1.3469095383124425,0.25877549408124234,0.11006558631070859,3.231818389717346
eo_post,alpha,,0.1,1.0,4,1.1773625477802612,1,1.0634957534326173,0.11386679434764391,1.1641668420149789,0.1164166842014979,0.2232411392559067,0.11006558631070859,3.4558335289851536
eo_post,alpha,,0.25,1.0,4,1.3560037283880364,1,1.0634957534326173,0.29250797495541914,1.1964772279242273,0.2991193069810568,0.2298144286423707,0.11006558631070859,3.4793619826608855
eo_post,alpha,,0.5,1.0,4,1.6750505152435538,1,1.0634957534326173,0.6115547618109365,1.2491301739817942,0.6245650869908971,0.24060967817264026,0.11006558631070859,3.5223019457233145
eo_post,alpha,,0.75,1.0,4,2.02995509388225,1,1.0634957534326173,0.9664593404496329,1.2982381108840784,0.9736785831630588,0.25079882245064566,0.11006558631070859,3.570650705723702
eo_post,alpha,,1.0,1.0,4,2.443069393428659,1,1.0634957534326173,1.3795736399960417,1.3414230892578984,1.3414230892578984,0.2599102309723134,0.11006558631070859,3.625650719271476
